Application_mode,Course,Tuition_fees_up_to_date,Age_at_enrollment,Curricular_units_1st_sem_(enrolled),Curricular_units_1st_sem_(passed),Curricular_units_1st_sem_(grade),Curricular_units_2nd_sem_(enrolled),Curricular_units_2nd_sem_(passed),Curricular_units_2nd_sem_(grade),Output,prediction,p_Dropout,p_Graduate
8,2,1,20,0,0,0,0,0,0,Dropout,Graduate,0.37926383249120676,0.6207361675087932
6,11,0,19,6,6,140,6,6,"1,36667E+16",Graduate,Graduate,0.049750635073615546,0.9502493649263845
1,5,0,19,6,0,0,6,0,0,Dropout,Dropout,1.0,2.0874893412943345e-25
8,15,1,20,6,6,"1,34286E+16",6,5,124,Graduate,Graduate,0.06900363733621118,0.9309963626637888
12,3,1,45,6,5,"1,23333E+16",6,6,130,Graduate,Graduate,0.0044190348826647075,0.9955809651173353
12,17,1,50,5,5,"1,18571E+16",5,5,115,Graduate,Graduate,0.029928623261395004,0.970071376738605
1,12,1,18,7,7,133,8,8,14345,Graduate,Graduate,3.550816251252087e-06,0.9999964491837487
9,11,0,22,5,0,0,5,0,0,Dropout,Dropout,1.0,9.67619781223832e-25
1,10,1,21,6,6,13875,6,6,"1,41429E+16",Graduate,Graduate,0.0064662719084735976,0.9935337280915264
1,10,0,18,6,5,114,6,2,135,Dropout,Dropout,0.999999999942738,5.726192727290778e-11
1,14,1,18,6,6,"1,23333E+16",6,5,142,Graduate,Graduate,0.11647452673005743,0.8835254732699426
1,12,1,18,8,7,"1,32143E+16",8,7,"1,32143E+16",Graduate,Graduate,0.015952003443515106,0.9840479965564849
1,16,1,19,6,0,0,6,0,0,Dropout,Dropout,0.9999999999999998,2.3671381502805555e-16
17,11,1,21,6,6,"1,05714E+16",6,5,110,Graduate,Graduate,0.03358846980064123,0.9664115301993588
1,6,1,18,5,4,1325,5,5,120,Graduate,Graduate,0.008253398304810422,0.9917466016951896
1,15,1,20,6,5,132,6,0,0,Dropout,Dropout,0.9999999999999226,7.742981407171569e-14
8,12,1,18,7,7,1330625,8,8,14545,Graduate,Graduate,0.19488341298037448,0.8051165870196255
1,8,1,20,5,4,125,5,4,1225,Graduate,Graduate,0.1817377342135046,0.8182622657864954
1,2,1,21,0,0,0,0,0,0,Graduate,Graduate,0.31526471199647466,0.6847352880035253
1,12,1,18,8,7,"1,28571E+16",8,7,"1,28571E+16",Graduate,Graduate,0.015952003443515106,0.9840479965564849
1,14,1,19,6,6,13375,6,6,"1,22857E+16",Graduate,Graduate,0.08680693033252318,0.9131930696674768
1,12,1,19,7,6,"1,32967E+16",8,7,"1,41143E+16",Graduate,Graduate,0.01747250122358157,0.9825274987764184
8,10,1,21,6,6,11375,6,6,"1,32857E+16",Graduate,Graduate,0.008488701593409642,0.9915112984065904
1,9,1,20,5,5,120,5,5,"1,23333E+16",Graduate,Graduate,0.01945534326341325,0.9805446567365868
16,5,1,20,6,6,"1,28333E+16",6,4,134,Graduate,Graduate,0.48585590719822747,0.5141440928017725
9,3,1,19,6,6,"1,26667E+16",6,6,14375,Graduate,Graduate,0.015311683294424672,0.9846883167055753
1,17,1,34,5,5,124,5,5,"1,34286E+16",Graduate,Graduate,0.03226037546957006,0.9677396245304299
12,1,0,37,7,0,0,7,1,100,Dropout,Dropout,1.0,8.975575684190856e-25
12,7,1,43,5,0,0,5,0,0,Dropout,Dropout,1.0,7.263186135291782e-22
14,9,1,55,5,1,100,5,2,120,Dropout,Dropout,0.9813919119799562,0.018608088020043777
12,17,1,39,5,5,110,5,5,116,Graduate,Graduate,0.03503381188802934,0.9649661881119707
15,8,0,20,6,3,"1,16667E+16",6,3,120,Dropout,Dropout,0.9999999999961549,3.845187624606505e-12
1,15,1,18,6,4,1275,5,0,0,Dropout,Dropout,0.9999999999992286,7.713508929016362e-13
1,9,1,22,5,5,148,5,5,158,Graduate,Graduate,0.019980441971956697,0.9800195580280433
1,12,1,22,7,5,13928,8,7,"1,43429E+16",Graduate,Graduate,0.04677749883294324,0.9532225011670568
8,15,0,20,6,4,130,6,5,138,Dropout,Dropout,0.9999999995559359,4.440640986791744e-10
12,17,1,29,5,0,0,5,0,0,Dropout,Dropout,0.9999999999999962,3.752363781109182e-15
8,10,1,18,6,6,"1,16667E+16",6,5,132,Graduate,Graduate,0.011614067549134521,0.9883859324508655
8,12,1,22,7,6,"1,35167E+16",8,7,"1,37714E+16",Graduate,Graduate,0.0243400911134789,0.9756599088865211
15,3,1,21,6,6,115,6,6,"1,32857E+16",Graduate,Graduate,0.0011917868052977454,0.9988082131947023
1,10,1,19,6,5,"1,23333E+16",6,6,"1,28333E+16",Graduate,Graduate,0.01286937679027278,0.9871306232097272
12,11,1,24,6,6,"1,36667E+16",6,6,"1,41667E+16",Graduate,Graduate,0.038957977080881556,0.9610420229191184
1,8,1,19,5,5,"1,47143E+16",5,5,158,Graduate,Graduate,0.020396385349254587,0.9796036146507454
12,17,1,27,5,5,106,5,5,110,Dropout,Graduate,0.035195332282882186,0.9648046677171178
1,12,1,18,7,7,"1,30444E+16",8,8,13595,Graduate,Graduate,3.5578537475045025e-06,0.9999964421462525
4,11,1,39,6,0,0,6,0,0,Dropout,Dropout,0.9999999998987196,1.012804285530122e-10
12,8,1,27,6,5,130,11,10,129,Dropout,Graduate,0.3200284058922567,0.6799715941077433
8,12,1,18,8,8,14935,8,8,14935,Graduate,Graduate,5.073201751248924e-06,0.9999949267982488
1,12,1,18,7,6,"1,31333E+16",8,7,"1,22214E+16",Graduate,Graduate,0.017211506815472233,0.9827884931845278
15,10,1,21,6,6,120,6,6,120,Graduate,Graduate,0.003958716916083294,0.9960412830839167
13,12,1,29,7,5,119,8,5,110,Dropout,Dropout,0.9093331121767498,0.09066688782325022
1,2,1,19,0,0,0,0,0,0,Graduate,Graduate,0.3091352681844435,0.6908647318155565
15,4,1,23,6,6,"1,25714E+16",6,6,"1,24286E+16",Graduate,Graduate,0.04824291483994858,0.9517570851600514
1,9,1,19,5,5,112,5,4,1075,Dropout,Graduate,0.08067157597702701,0.919328424022973
8,12,1,24,7,7,11975,8,8,1375,Graduate,Graduate,5.97963652382294e-06,0.9999940203634762
1,2,1,19,0,0,0,0,0,0,Dropout,Graduate,0.3091352681844435,0.6908647318155565
8,11,1,18,6,3,"1,16667E+16",6,1,120,Dropout,Dropout,0.9999999750942337,2.4905766344633655e-08
1,15,1,18,6,6,"1,23333E+16",6,3,"1,23333E+16",Graduate,Graduate,0.3881838469700445,0.6118161530299555
8,9,1,18,5,3,"1,03333E+16",5,3,"1,08571E+16",Dropout,Dropout,0.6285773150680534,0.3714226849319467
9,11,1,21,6,4,105,6,1,110,Dropout,Dropout,0.9999999921952734,7.804726682833627e-09
8,15,1,19,6,6,"1,36667E+16",6,6,"1,33333E+16",Graduate,Graduate,0.043964774618465596,0.9560352253815344
8,12,1,22,7,7,"1,48429E+16",8,8,"1,50556E+16",Graduate,Graduate,5.262754298906991e-06,0.9999947372457011
12,3,1,33,6,6,120,6,6,"1,16667E+16",Graduate,Graduate,0.00210571222024325,0.9978942877797568
1,16,1,20,6,5,122,6,5,122,Dropout,Graduate,0.3728823696974408,0.6271176303025592
12,17,1,35,1,0,0,5,0,0,Dropout,Dropout,0.9999999999999226,7.741247691842782e-14
12,4,1,24,12,6,"1,21667E+16",12,10,133,Dropout,Dropout,0.9999937409973523,6.259002647762233e-06
12,3,1,33,6,6,110,6,5,110,Graduate,Graduate,0.0033402124382536647,0.9966597875617463
13,12,1,22,8,7,1308,8,7,1308,Graduate,Graduate,0.24697226022008412,0.7530277397799159
12,14,1,25,5,4,105,5,5,116,Graduate,Graduate,0.017714380162907828,0.9822856198370922
8,5,1,20,6,6,"1,06667E+16",6,5,112,Graduate,Graduate,0.06538982709813457,0.9346101729018654
12,12,1,24,7,0,0,7,0,0,Dropout,Dropout,0.9999999999999994,5.306566234572046e-16
8,15,0,21,6,6,140,6,6,135,Graduate,Dropout,0.9999999961949226,3.805077346515844e-09
6,8,1,26,6,2,120,6,0,0,Dropout,Dropout,0.9999975111516242,2.488848375799602e-06
12,16,1,39,6,3,"1,26667E+16",6,0,0,Dropout,Dropout,0.9999999999999974,2.5249334683657713e-15
12,3,1,44,8,8,11875,6,6,"1,23333E+16",Graduate,Graduate,0.0018402639356535078,0.9981597360643465
1,15,1,18,6,6,"1,36667E+16",6,6,"1,33333E+16",Graduate,Graduate,0.03255986549596479,0.9674401345040352
1,12,1,18,7,7,1375,8,8,"1,44778E+15",Graduate,Graduate,3.7367792956599644e-06,0.9999962632207043
1,12,0,19,7,4,1196,7,0,0,Dropout,Dropout,1.0,3.4670958100094455e-24
17,6,1,21,10,8,12875,9,5,134,Dropout,Dropout,0.6902769942317057,0.3097230057682943
1,2,1,20,0,0,0,0,0,0,Graduate,Graduate,0.31227057621924614,0.6877294237807539
12,3,1,36,6,0,0,6,0,0,Dropout,Dropout,0.9999999999999821,1.785313509288132e-14
12,4,1,43,18,18,"1,46316E+15",13,13,"1,42308E+15",Graduate,Graduate,7.625087417029164e-08,0.9999999237491258
9,16,1,19,6,0,0,6,0,0,Dropout,Dropout,1.0,2.4519583483490603e-17
16,5,1,20,10,10,130,11,11,"1,22727E+16",Graduate,Graduate,1.2081657896345632e-10,0.9999999998791834
1,10,1,19,6,0,0,6,0,0,Dropout,Dropout,0.9999999999999933,6.698232167595731e-15
1,6,1,20,6,4,142,6,4,1325,Dropout,Dropout,0.6510989864650802,0.3489010135349197
1,12,1,20,7,6,"1,32667E+16",7,5,123,Dropout,Graduate,0.08677577892238952,0.9132242210776105
1,10,1,18,6,6,"1,38571E+16",6,6,150,Graduate,Graduate,0.0054675657031859615,0.994532434296814
1,6,1,19,5,5,134,5,5,128,Graduate,Graduate,0.0035554172971127285,0.9964445827028873
1,15,1,18,6,6,"1,26667E+16",6,6,"1,25714E+16",Graduate,Graduate,0.03255986549596479,0.9674401345040352
8,12,1,18,7,6,"1,25167E+16",7,6,"1,25167E+16",Dropout,Graduate,0.07246472717435293,0.9275352728256471
1,6,1,18,5,5,"1,31429E+16",5,5,114,Graduate,Graduate,0.003501260560319186,0.9964987394396808
1,9,1,18,5,5,126,5,5,140,Graduate,Graduate,0.01889201401164653,0.9811079859883535
8,11,1,21,6,3,110,6,2,110,Dropout,Dropout,0.9932794697260319,0.00672053027396815
1,9,1,19,5,5,108,5,4,1125,Graduate,Graduate,0.08065852127245976,0.9193414787275402
1,2,1,19,0,0,0,0,0,0,Dropout,Graduate,0.3091352681844435,0.6908647318155565
1,14,1,19,5,5,128,5,5,142,Graduate,Graduate,0.0063336186626858915,0.9936663813373141
1,6,1,19,6,6,"1,41667E+16",6,6,122,Graduate,Graduate,0.0450518840005929,0.9549481159994071
8,13,1,19,7,5,121,7,0,0,Dropout,Dropout,0.999999999218651,7.813489882879447e-10
15,6,1,20,6,6,"1,41667E+16",6,5,"1,37778E+15",Graduate,Graduate,0.04997857756629931,0.9500214224337007
8,10,1,18,6,6,130,6,6,"1,36667E+16",Graduate,Graduate,0.007344636563936469,0.9926553634360635
8,12,1,19,7,7,"1,34671E+16",8,8,"1,50111E+16",Graduate,Graduate,5.048016120112742e-06,0.9999949519838799
1,12,1,18,7,7,132375,8,7,"1,37429E+16",Dropout,Graduate,0.024245814279768352,0.9757541857202316
8,5,1,18,6,6,"1,23333E+16",6,6,130,Graduate,Graduate,0.0409948543440144,0.9590051456559856
1,9,1,19,5,5,124,5,5,146,Graduate,Graduate,0.01917733734360505,0.980822662656395
8,12,1,19,7,5,140,7,0,0,Dropout,Dropout,0.9999999999999661,3.384518338145304e-14
14,10,1,20,9,9,"1,16667E+16",7,7,"1,17143E+16",Graduate,Graduate,0.0022643578313422674,0.9977356421686577
1,14,0,19,6,5,120,6,4,125,Dropout,Dropout,0.9999999998719966,1.280034162092166e-10
8,14,1,20,5,4,122,5,4,115,Graduate,Graduate,0.08405005012087141,0.9159499498791286
1,15,1,18,6,6,"1,48333E+16",6,6,"1,48333E+16",Graduate,Graduate,0.03255986549596479,0.9674401345040352
9,12,1,18,7,7,17125,8,8,175875,Graduate,Graduate,2.5366102351487285e-05,0.9999746338976485
1,12,1,19,7,6,"1,26667E+16",7,6,"1,26667E+16",Graduate,Graduate,0.05567355994086265,0.9443264400591374
1,15,1,19,6,6,"1,26667E+16",6,5,120,Graduate,Graduate,0.051486517286314926,0.9485134827136851
1,10,1,19,6,6,"1,13333E+16",6,6,115,Graduate,Graduate,0.0055520214607860385,0.994447978539214
1,12,1,19,7,7,13605,8,8,1233125,Graduate,Graduate,1.0399733363364305e-07,0.9999998960026664
8,16,1,19,6,5,120,6,5,108,Graduate,Graduate,0.44086840069816713,0.5591315993018329
1,11,1,19,5,0,0,5,0,0,Dropout,Dropout,0.9999999999999459,5.408234048489765e-14
8,11,1,20,6,5,112,6,3,"1,16667E+16",Dropout,Dropout,0.6708829974633039,0.3291170025366961
1,9,1,18,5,5,13375,5,5,"1,41667E+16",Graduate,Graduate,0.021255582312408206,0.9787444176875918
1,12,1,20,7,6,"1,38633E+16",8,7,"1,41786E+16",Graduate,Graduate,0.017725606941777383,0.9822743930582226
1,6,1,19,5,5,124,5,5,134,Graduate,Graduate,0.0035550362468426133,0.9964449637531574
1,16,1,18,6,6,"1,33333E+16",6,5,118,Graduate,Graduate,0.19814616220014003,0.80185383779986
14,16,1,21,6,3,"1,26667E+16",6,3,100,Dropout,Dropout,0.9640610383906456,0.03593896160935438
1,16,1,19,6,6,120,6,4,115,Dropout,Dropout,0.5303408908652447,0.4696591091347553
1,9,1,18,5,5,106,5,5,118,Graduate,Graduate,0.018889787631824695,0.9811102123681753
8,10,1,18,6,6,1225,6,6,"1,18571E+16",Graduate,Graduate,0.0074174763016982,0.9925825236983018
1,10,1,20,6,4,110,6,6,"1,18333E+16",Graduate,Graduate,0.030059832905769746,0.9699401670942303
12,3,1,24,6,5,110,6,5,126,Graduate,Graduate,0.0073756940488880485,0.992624305951112
1,14,1,19,6,6,"1,31667E+16",6,6,130,Dropout,Graduate,0.07773122488473228,0.9222687751152677
1,12,1,18,7,7,"1,28556E+16",8,7,"1,27611E+16",Graduate,Graduate,0.007473310484067297,0.9925266895159327
1,12,1,18,7,7,1491875,8,8,15355,Graduate,Graduate,0.35879767589559497,0.641202324104405
8,16,1,21,6,4,115,6,3,110,Dropout,Dropout,0.9575541579133877,0.04244584208661233
8,14,1,19,5,5,142,5,5,142,Graduate,Graduate,0.008505070898163436,0.9914949291018366
8,15,1,19,6,6,125,6,6,130,Graduate,Graduate,0.04396550838285418,0.9560344916171458
8,10,1,19,6,5,"1,16667E+16",6,4,110,Graduate,Graduate,0.1114236546433075,0.8885763453566925
12,12,1,29,8,7,"1,42571E+16",8,7,"1,42571E+16",Graduate,Graduate,0.02009043994720372,0.9799095600527963
14,10,1,21,6,3,120,6,2,"1,13333E+16",Dropout,Dropout,0.9249099251705576,0.0750900748294424
8,13,1,20,7,7,"1,24571E+16",8,8,135625,Graduate,Graduate,1.5162582300831673e-10,0.9999999998483742
8,12,1,19,7,6,"1,16833E+16",7,6,"1,16833E+16",Graduate,Graduate,0.07350091682565041,0.9264990831743496
13,3,1,26,6,3,"1,16667E+16",6,5,120,Graduate,Graduate,0.41402944008968856,0.5859705599103114
8,11,0,20,6,4,1175,6,6,"1,31667E+16",Dropout,Dropout,0.9999999992959848,7.040151323564117e-10
12,16,1,27,6,5,132,6,5,120,Graduate,Graduate,0.4187379533336417,0.5812620466663583
1,12,1,20,7,4,1195,7,4,1195,Dropout,Dropout,0.7019639012917444,0.29803609870825565
1,16,1,18,6,5,124,6,5,104,Dropout,Graduate,0.36592054208741975,0.6340794579125802
4,12,1,33,7,6,1435,8,6,"1,45833E+16",Dropout,Graduate,1.4529548032493622e-06,0.9999985470451968
14,16,1,35,21,21,"1,2619E+15",19,19,"1,27895E+16",Graduate,Graduate,9.311086468510865e-08,0.9999999068891353
12,15,0,27,6,5,120,6,0,0,Dropout,Dropout,1.0,1.15107098674743e-23
9,5,0,19,6,6,"1,21667E+16",6,0,0,Dropout,Dropout,1.0,3.62605131765458e-24
8,11,1,20,6,0,0,6,0,0,Dropout,Dropout,0.9999999999999992,8.075568286646762e-16
9,9,0,20,5,3,100,5,3,"1,05714E+16",Dropout,Dropout,0.999999999985604,1.4395997421379182e-11
8,12,1,18,7,6,1305,7,6,1305,Graduate,Graduate,0.07296691740788397,0.927033082592116
12,6,1,24,6,2,110,6,0,0,Dropout,Dropout,0.9999999999999963,3.677977395500071e-15
8,5,1,20,6,6,115,6,6,120,Graduate,Graduate,0.04218815139924137,0.9578118486007586
1,11,1,21,6,6,120,6,6,125,Graduate,Graduate,0.03371832945241526,0.9662816705475847
12,9,1,24,5,0,0,5,0,0,Dropout,Dropout,0.9999999999999941,5.9345350682176545e-15
16,16,1,21,6,0,0,6,0,0,Dropout,Dropout,0.9999999999999999,5.695903875669332e-17
1,12,1,18,8,7,"1,22429E+16",8,7,"1,22429E+16",Graduate,Graduate,0.015952003443515106,0.9840479965564849
12,17,1,27,5,0,0,5,0,0,Dropout,Dropout,0.9999999999999962,3.8018441769554855e-15
9,12,1,18,8,8,1293375,8,8,1293375,Graduate,Graduate,0.025435741306305104,0.9745642586936949
4,7,1,35,5,0,0,5,0,0,Dropout,Dropout,0.9999999999999999,7.597688598117285e-17
1,16,1,18,7,7,"1,25714E+16",7,7,"1,44286E+16",Graduate,Graduate,0.09511281166825114,0.9048871883317489
1,6,1,19,5,4,1375,5,4,"1,43333E+16",Graduate,Graduate,0.03665143271379867,0.9633485672862013
1,10,1,20,6,6,"1,11667E+16",6,6,"1,13333E+16",Graduate,Graduate,0.0056333595648100365,0.99436664043519
1,12,1,18,8,7,"1,23243E+16",8,7,"1,23243E+16",Graduate,Graduate,0.015952003443515106,0.9840479965564849
15,10,1,21,6,6,"1,21667E+16",6,6,"1,17143E+16",Graduate,Graduate,0.003958716916083294,0.9960412830839167
8,10,1,18,6,5,"1,11429E+16",6,4,1125,Graduate,Graduate,0.10963909790715753,0.8903609020928425
1,10,1,18,6,4,110,6,4,1075,Graduate,Graduate,0.17655316129373555,0.8234468387062645
1,12,1,18,8,7,"1,29143E+16",8,7,"1,29143E+16",Graduate,Graduate,0.015952003443515106,0.9840479965564849
1,15,1,18,6,6,"1,38333E+16",6,6,"1,41667E+16",Graduate,Graduate,0.03255986549596479,0.9674401345040352
1,6,1,19,6,6,"1,38571E+16",6,5,134,Graduate,Graduate,0.06970729116280205,0.930292708837198
12,11,1,36,6,6,"1,37143E+16",6,5,128,Dropout,Graduate,0.06306625293413692,0.9369337470658631
1,12,1,18,8,7,"1,26429E+16",8,7,"1,26429E+16",Graduate,Graduate,0.015952003443515106,0.9840479965564849
1,12,1,18,7,6,"1,29167E+16",7,6,"1,29167E+16",Graduate,Graduate,0.05487380883226778,0.9451261911677322
14,8,1,20,6,6,15625,6,6,"1,58571E+16",Graduate,Graduate,0.17971024185166895,0.820289758148331
12,17,1,26,5,0,0,5,0,0,Dropout,Dropout,0.9999999999999961,3.8334824375479226e-15
14,15,1,21,6,6,"1,17143E+16",6,6,120,Graduate,Graduate,0.02339257562253716,0.9766074243774628
9,9,1,19,5,5,116,5,5,116,Graduate,Graduate,0.15878829874377376,0.8412117012562262
12,3,1,24,6,1,100,6,0,0,Dropout,Dropout,0.999999999999956,4.3947086274009377e-14
12,3,1,27,6,1,100,6,0,0,Dropout,Dropout,0.9999999999999573,4.273161074795728e-14
8,6,1,21,5,0,0,5,2,135,Dropout,Dropout,0.9820491773484116,0.01795082265158838
1,9,1,18,5,4,130,5,3,"1,23333E+16",Graduate,Graduate,0.3487464920650232,0.6512535079349768
1,16,1,19,6,6,"1,33333E+16",6,6,145,Graduate,Graduate,0.13641831392816228,0.8635816860718377
1,11,1,18,6,4,1125,6,2,125,Dropout,Dropout,0.978340100348768,0.021659899651232058
16,12,1,19,7,5,1385,8,7,"1,21929E+15",Graduate,Graduate,0.1450514573118049,0.8549485426881951
9,12,1,19,7,6,"1,37417E+16",8,7,149125,Graduate,Graduate,0.10144448240154713,0.8985555175984529
4,17,1,33,6,6,"1,53333E+16",5,5,158,Graduate,Graduate,3.050809765925422e-07,0.9999996949190234
4,9,1,45,5,5,110,5,5,138,Graduate,Graduate,1.9729448075267442e-07,0.9999998027055192
1,10,1,20,6,6,120,6,6,"1,28571E+16",Graduate,Graduate,0.0056333595648100365,0.99436664043519
12,14,1,28,5,0,0,5,0,0,Dropout,Dropout,0.9999999999999825,1.757553079696994e-14
14,12,1,19,8,7,"1,15714E+16",8,7,"1,15714E+16",Graduate,Graduate,0.01108814596869201,0.988911854031308
1,11,1,18,6,6,"1,28571E+16",6,3,"1,26667E+16",Graduate,Graduate,0.3863595867636306,0.6136404132363694
12,11,1,38,6,0,0,6,0,0,Dropout,Dropout,0.9999999999999991,8.936723039210956e-16
1,14,1,19,5,5,130,5,5,132,Graduate,Graduate,0.006333908807642397,0.9936660911923576
1,11,1,21,6,5,110,6,5,120,Graduate,Graduate,0.11458684805057884,0.8854131519494212
1,9,1,21,5,3,120,5,1,150,Dropout,Dropout,0.9999997936397602,2.0636023978463213e-07
1,10,1,22,6,5,126,6,6,130,Graduate,Graduate,0.013409841662899047,0.986590158337101
1,16,1,18,6,5,134,6,6,"1,31667E+16",Graduate,Graduate,0.2665117293412089,0.7334882706587911
8,10,1,18,6,6,"1,13333E+16",6,6,"1,15714E+16",Graduate,Graduate,0.0073439746152352825,0.9926560253847647
1,8,0,25,5,4,135,5,4,1425,Dropout,Dropout,0.999999999236873,7.63126975283838e-10
12,6,0,24,6,3,1175,6,3,"1,03333E+16",Dropout,Dropout,0.9999999999869441,1.3055896134167471e-11
1,9,1,20,5,5,116,5,5,136,Graduate,Graduate,0.01945379760791499,0.980546202392085
12,9,0,25,5,0,0,5,0,0,Dropout,Dropout,1.0,1.0576109132342954e-24
1,9,1,20,10,9,129,10,10,"1,23636E+16",Graduate,Graduate,4.327094238476548e-12,0.9999999999956729
4,12,1,23,8,8,1322,8,8,1322,Graduate,Graduate,3.696498662719705e-11,0.999999999963035
8,12,1,19,8,7,"1,31514E+16",8,7,"1,31514E+16",Graduate,Graduate,0.021669895925064186,0.9783301040749358
15,4,0,29,6,3,1275,6,3,"1,13333E+16",Dropout,Dropout,0.9999999999862305,1.3769586483751465e-11
1,11,1,21,6,6,"1,13333E+16",6,4,1225,Graduate,Graduate,0.1991371404665624,0.8008628595334376
1,14,1,18,6,6,1325,6,5,"1,41429E+16",Graduate,Graduate,0.117611519227248,0.882388480772752
1,15,1,18,6,6,150,6,6,"1,28333E+16",Dropout,Graduate,0.032568446890752,0.967431553109248
1,6,1,19,5,5,144,5,5,130,Graduate,Graduate,0.003555719187333106,0.9964442808126669
8,9,1,18,5,5,124,5,5,108,Graduate,Graduate,0.02525822866882821,0.9747417713311718
12,13,0,37,7,1,160,7,0,0,Dropout,Dropout,1.0,4.992801109482117e-21
8,17,1,29,5,5,"1,35714E+16",5,5,"1,23333E+16",Graduate,Graduate,0.04252972986473924,0.9574702701352608
1,10,1,19,6,5,"1,16667E+16",6,5,"1,26667E+16",Graduate,Graduate,0.020287178622427016,0.979712821377573
14,10,0,22,10,6,"1,18333E+16",7,2,130,Dropout,Dropout,0.9999999999983699,1.6301616290783047e-12
1,11,1,20,6,6,"1,11667E+16",6,5,106,Graduate,Graduate,0.051828997732053406,0.9481710022679466
12,3,1,34,6,0,0,6,0,0,Dropout,Dropout,0.9999999999999822,1.773778725787917e-14
14,7,0,30,12,8,1175,12,6,"1,21667E+16",Dropout,Dropout,1.0,3.404922968963259e-30
1,10,1,18,6,6,140,6,6,140,Graduate,Graduate,0.005468705215155967,0.994531294784844
1,10,1,18,6,6,"1,28333E+16",6,6,120,Graduate,Graduate,0.005468021535420475,0.9945319784645795
1,15,1,18,6,4,1225,6,3,"1,16667E+16",Graduate,Dropout,0.7780823837675963,0.22191761623240364
8,12,1,18,8,7,"1,48286E+16",8,7,"1,48286E+16",Graduate,Graduate,0.021347565451433126,0.9786524345485669
1,15,1,19,6,5,114,6,5,128,Graduate,Graduate,0.11248905054111302,0.887510949458887
1,5,1,19,6,6,130,6,6,125,Graduate,Graduate,0.031253222023941984,0.968746777976058
1,12,1,18,8,7,"1,36714E+16",8,7,"1,36714E+16",Graduate,Graduate,0.015952003443515106,0.9840479965564849
15,4,1,21,6,6,"1,26667E+16",6,5,128,Graduate,Graduate,0.07277793920774356,0.9272220607922564
1,9,0,20,5,2,100,5,1,130,Dropout,Dropout,1.0,1.6014960828313788e-17
8,9,1,20,5,5,135,5,5,"1,23333E+16",Graduate,Graduate,0.026008001326257246,0.9739919986737428
1,12,1,19,7,7,1267,8,8,1355,Graduate,Graduate,3.7776732570993232e-06,0.9999962223267429
1,10,1,20,6,6,145,6,6,"1,54286E+16",Graduate,Graduate,0.005634631243731314,0.9943653687562687
8,12,1,18,7,7,"1,36857E+16",8,8,153875,Graduate,Graduate,3.2254115066576716e-06,0.9999967745884933
13,16,1,20,6,5,110,6,3,"1,06667E+16",Dropout,Dropout,0.9925848470388134,0.007415152961186589
4,8,0,29,9,7,"1,15556E+16",7,5,132,Dropout,Dropout,0.9999983576051757,1.6423948242223836e-06
1,12,1,20,7,7,1400375,8,7,"1,38129E+16",Graduate,Dropout,0.9984515536427677,0.0015484463572322273
7,9,1,22,5,4,120,5,4,114,Graduate,Graduate,2.814940937012622e-07,0.9999997185059063
1,3,1,47,6,5,"1,41667E+16",6,6,"1,41667E+16",Graduate,Graduate,0.0038212201140512825,0.9961787798859487
16,17,1,31,5,5,140,5,5,138,Graduate,Graduate,0.11849547075474531,0.8815045292452547
1,5,1,21,6,5,138,6,6,"1,28333E+16",Graduate,Graduate,0.07194688334530785,0.9280531166546921
1,3,1,21,6,5,128,6,6,"1,18571E+16",Graduate,Graduate,0.004011667088881343,0.9959883329111187
12,15,1,24,6,6,"1,21667E+16",6,6,"1,38333E+16",Graduate,Graduate,0.03924683373409321,0.9607531662659068
12,3,1,32,6,4,120,6,4,115,Graduate,Graduate,0.07618634223050591,0.9238136577694941
9,3,1,19,6,6,"1,08333E+16",6,6,115,Graduate,Graduate,0.01592454597947257,0.9840754540205274
12,12,1,24,8,8,13385,8,8,13385,Graduate,Graduate,4.5318279063844e-06,0.9999954681720936
8,6,1,19,6,6,"1,56667E+16",6,6,145,Graduate,Graduate,0.059689439920598275,0.9403105600794017
15,4,1,19,6,6,"1,43333E+16",6,6,"1,38333E+16",Graduate,Graduate,0.04582642723107777,0.9541735727689222
8,10,1,18,6,6,"1,16667E+16",6,6,"1,16667E+16",Graduate,Graduate,0.0073439746152352825,0.9926560253847647
1,5,1,19,6,5,120,6,2,"1,13333E+16",Dropout,Dropout,0.9485941423025143,0.0514058576974857
1,12,1,19,8,7,"1,47257E+16",8,7,"1,47257E+16",Graduate,Graduate,0.016194213517631173,0.9838057864823688
8,15,1,18,6,6,"1,41667E+16",6,6,"1,36667E+16",Graduate,Graduate,0.04332550346514785,0.9566744965348521
1,10,1,18,6,6,"1,15714E+16",6,6,"1,23333E+16",Graduate,Graduate,0.005468021535420475,0.9945319784645795
8,13,1,20,7,7,125,8,8,131375,Graduate,Graduate,1.5346690585005263e-10,0.9999999998465331
1,12,1,18,8,8,1286,8,8,1286,Graduate,Graduate,3.4605643824958676e-06,0.9999965394356175
8,14,1,18,6,6,1225,6,6,"1,37143E+16",Graduate,Graduate,0.10138010028521549,0.8986198997147845
1,6,1,21,5,4,120,5,5,122,Graduate,Graduate,0.008527223610571788,0.9914727763894282
1,12,1,18,7,7,"1,51167E+16",8,8,"1,61689E+16",Graduate,Graduate,3.694442111901175e-06,0.9999963055578881
16,14,0,18,5,2,125,5,4,1025,Dropout,Dropout,0.9999999998778061,1.2219396600398222e-10
8,10,1,19,6,0,0,6,0,0,Dropout,Dropout,0.999999999999995,4.977821014744008e-15
8,14,1,18,6,6,11875,6,4,146,Graduate,Graduate,0.47038152532126043,0.5296184746787396
12,8,1,34,5,1,110,5,0,0,Dropout,Dropout,0.9999999999999876,1.2468227986060791e-14
1,6,1,19,5,5,152,5,5,132,Graduate,Graduate,0.003555956757473555,0.9964440432425264
15,8,0,19,6,5,116,6,2,110,Dropout,Dropout,0.9999999999983475,1.652454823933694e-12
16,10,1,26,6,6,"1,48333E+16",6,6,"1,51429E+16",Graduate,Graduate,0.023962172366587042,0.976037827633413
8,16,1,21,6,3,"1,13333E+16",6,3,"1,13333E+16",Dropout,Dropout,0.9814776694836727,0.018522330516327328
8,9,1,18,5,5,112,5,5,118,Graduate,Graduate,0.025254858400810654,0.9747451415991893
8,16,1,20,6,5,134,6,5,"1,36667E+16",Graduate,Graduate,0.4445032997504965,0.5554967002495035
16,9,1,25,5,2,105,5,0,0,Dropout,Dropout,0.999999999999991,9.0316172244692e-15
1,9,1,18,5,5,162,5,5,164,Graduate,Graduate,0.018896830240959783,0.9811031697590402
1,12,1,18,7,7,"1,45429E+16",8,8,"1,48818E+15",Graduate,Graduate,3.694442111901175e-06,0.9999963055578881
1,12,1,19,7,7,"1,36943E+16",8,8,"1,43556E+16",Graduate,Graduate,3.7514604863675416e-06,0.9999962485395136
1,10,1,18,6,6,"1,12857E+16",6,6,"1,18571E+16",Graduate,Graduate,0.005468021535420475,0.9945319784645795
4,6,0,26,3,0,0,6,0,0,Dropout,Dropout,1.0,1.2881675619242201e-19
13,12,1,19,8,7,"1,30586E+16",8,7,"1,30586E+16",Graduate,Graduate,0.2379499072049336,0.7620500927950664
1,12,1,19,7,7,143,8,8,"1,40556E+16",Graduate,Graduate,3.752244000287952e-06,0.9999962477559997
14,9,1,19,10,5,118,10,8,120,Graduate,Graduate,5.102137953238994e-07,0.9999994897862047
1,11,1,18,6,6,"1,05714E+16",6,3,"1,16667E+16",Graduate,Graduate,0.3863595867636306,0.6136404132363694
14,12,1,19,7,6,"1,33333E+16",7,6,"1,33333E+16",Graduate,Graduate,0.03860807738124128,0.9613919226187587
1,10,1,18,6,6,"1,18571E+16",6,5,110,Graduate,Graduate,0.008657397124050115,0.9913426028759499
15,7,1,26,5,0,0,5,0,0,Dropout,Dropout,1.0,1.1261959314262558e-21
1,10,1,20,6,6,120,6,6,130,Graduate,Graduate,0.005633203048183155,0.9943667969518168
1,3,1,19,6,6,"1,26667E+16",6,6,"1,16667E+16",Graduate,Graduate,0.0016733805908151211,0.9983266194091849
1,10,1,18,6,6,"1,21667E+16",6,6,"1,36667E+16",Graduate,Graduate,0.005468021535420475,0.9945319784645795
15,10,1,19,6,6,"1,33333E+16",6,6,"1,46667E+16",Graduate,Graduate,0.003847739948241502,0.9961522600517585
4,16,1,40,7,7,150,7,7,"1,45714E+16",Graduate,Graduate,1.1510040375251052e-06,0.9999988489959625
1,12,1,18,8,8,1339125,8,8,1339125,Graduate,Graduate,0.0032283081212588494,0.9967716918787412
8,10,1,19,6,5,"1,21667E+16",6,6,"1,24286E+16",Graduate,Graduate,0.017240547008509077,0.9827594529914909
8,8,1,18,5,4,1125,5,4,125,Graduate,Graduate,0.22695787170623072,0.7730421282937693
1,2,1,18,0,0,0,0,0,0,Dropout,Graduate,0.30587387616092554,0.6941261238390745
12,3,1,33,6,6,"1,28333E+16",6,6,"1,28571E+16",Graduate,Graduate,0.00210571222024325,0.9978942877797568
12,4,1,35,6,6,140,6,6,131,Graduate,Graduate,0.08013151459064072,0.9198684854093593
1,15,1,18,6,6,135,6,6,125,Graduate,Graduate,0.03256371579207307,0.9674362842079269
12,17,1,39,5,5,110,5,5,"1,16667E+16",Graduate,Graduate,0.035033434046719436,0.9649665659532806
12,10,1,44,6,6,130,6,6,"1,38333E+16",Graduate,Graduate,0.00638773875785581,0.9936122612421442
1,11,1,24,6,4,126,6,4,115,Dropout,Dropout,0.5860455741866062,0.4139544258133938
14,15,1,20,6,6,"1,36667E+16",6,6,"1,33333E+16",Graduate,Graduate,0.023076990222082427,0.9769230097779176
1,2,0,19,0,0,0,0,0,0,Dropout,Dropout,0.9999999995975641,4.0243588434512905e-10
1,12,1,18,7,6,142,7,6,142,Graduate,Graduate,0.05488098100925076,0.9451190189907492
1,11,0,22,6,5,110,6,0,0,Dropout,Dropout,1.0,1.3678908791352778e-23
8,6,1,18,6,6,150,6,6,"1,64286E+16",Graduate,Graduate,0.05885454933200396,0.941145450667996
12,12,1,24,7,6,"1,25857E+16",8,7,"1,34429E+15",Graduate,Graduate,0.020814130208548276,0.9791858697914517
12,17,1,33,5,0,0,5,0,0,Dropout,Dropout,0.9999999999999963,3.712491727657599e-15
12,6,1,26,6,0,0,6,0,0,Dropout,Dropout,0.9999999999999993,6.501643711022614e-16
8,16,1,18,6,6,"1,16667E+16",6,6,"1,18333E+16",Graduate,Graduate,0.17310820669682492,0.8268917933031751
1,15,1,19,6,3,"1,26667E+16",6,2,100,Dropout,Dropout,0.9907903832918602,0.009209616708139762
17,6,1,22,11,8,135,9,7,"1,37143E+16",Graduate,Graduate,0.2756998310091715,0.7243001689908285
1,6,1,21,6,6,"1,61538E+16",6,6,1575,Graduate,Graduate,0.0461171068788927,0.9538828931211073
1,12,1,21,7,6,"1,40333E+16",7,6,"1,40333E+16",Graduate,Graduate,0.05719348218809894,0.9428065178119011
1,16,1,19,7,7,"1,38571E+16",7,6,"1,36667E+16",Graduate,Graduate,0.4347614273540512,0.5652385726459488
1,12,1,18,8,7,"1,34143E+16",8,7,"1,34143E+16",Dropout,Graduate,0.015952003443515106,0.9840479965564849
14,3,1,50,11,11,"1,35455E+16",7,7,"1,35714E+16",Graduate,Graduate,0.0005560710651268952,0.9994439289348731
8,15,1,19,6,6,"1,38333E+16",6,6,"1,44286E+16",Graduate,Graduate,0.043964774618465596,0.9560352253815344
12,17,1,35,5,5,120,5,5,"1,28571E+16",Graduate,Graduate,0.03589946280031131,0.9641005371996887
12,6,1,31,6,0,0,6,0,0,Dropout,Dropout,0.9999999999999993,6.312838576800363e-16
9,9,0,34,5,0,0,5,0,0,Dropout,Dropout,1.0,1.1779889516691167e-25
1,12,1,18,7,7,"1,51357E+16",8,8,"1,52875E+16",Graduate,Graduate,3.694442111901175e-06,0.9999963055578881
12,12,1,26,7,5,1274,8,6,"1,09786E+16",Dropout,Graduate,0.2693774393085405,0.7306225606914595
1,16,1,19,6,6,"1,34286E+16",6,6,"1,31667E+16",Graduate,Graduate,0.1364265435497347,0.8635734564502653
17,9,1,20,11,9,"1,25556E+16",9,8,"1,11111E+15",Graduate,Graduate,0.00043198666017441045,0.9995680133398256
1,10,1,19,6,6,115,6,6,"1,11667E+16",Graduate,Graduate,0.005551693678532699,0.9944483063214673
1,16,1,18,6,6,"1,36667E+16",6,6,"1,23333E+16",Graduate,Graduate,0.1346321583093878,0.8653678416906122
12,17,1,28,14,11,"1,12727E+16",11,10,120,Graduate,Dropout,0.6799780626692,0.3200219373308
15,3,1,21,6,6,"1,46667E+16",6,6,"1,41667E+16",Graduate,Graduate,0.0011918408478339693,0.998808159152166
1,15,0,18,6,5,130,6,5,114,Dropout,Dropout,0.9999999985575952,1.4424047798985208e-09
8,6,0,20,5,2,105,5,2,"1,23333E+16",Dropout,Dropout,0.9999999999814883,1.8511784696419066e-11
8,6,1,18,6,6,"1,48571E+16",6,6,140,Graduate,Graduate,0.05883636851179819,0.9411636314882018
1,12,1,19,8,7,1286,8,7,1286,Graduate,Graduate,0.01631138413497013,0.9836886158650299
16,10,1,20,11,11,"1,17273E+16",11,11,120,Graduate,Graduate,1.9808821249966968e-11,0.9999999999801912
15,6,1,22,6,6,"1,31429E+16",6,3,120,Graduate,Graduate,0.3908046099893454,0.6091953900106546
8,14,1,18,6,5,118,6,4,"1,37143E+16",Dropout,Dropout,0.6508653694541349,0.3491346305458651
8,9,1,19,5,3,"1,06667E+16",5,0,0,Dropout,Dropout,0.9999999999999312,6.879543117373026e-14
8,12,1,19,8,7,"1,47314E+16",8,7,"1,47314E+16",Graduate,Graduate,0.021669895925064186,0.9783301040749358
1,2,1,18,0,0,0,0,0,0,Graduate,Graduate,0.30587387616092554,0.6941261238390745
4,5,1,21,13,13,"1,36154E+16",12,12,1425,Graduate,Graduate,3.3306690738754696e-16,0.9999999999999997
12,17,1,27,5,5,158,5,5,148,Graduate,Graduate,0.035207761484644884,0.9647922385153551
8,10,1,19,6,6,"1,46667E+16",6,6,"1,45714E+16",Graduate,Graduate,0.007456473527521101,0.9925435264724789
12,6,1,25,5,0,0,5,0,0,Dropout,Dropout,0.9999999999999678,3.218810085269701e-14
1,12,1,18,8,7,"1,46543E+16",8,7,"1,46543E+16",Graduate,Graduate,0.015952003443515106,0.9840479965564849
12,12,1,24,8,7,"1,24014E+16",8,7,"1,24014E+16",Graduate,Graduate,0.019296170311115524,0.9807038296888845
1,12,1,20,7,7,115875,8,7,"1,40714E+16",Graduate,Graduate,0.021601954888874286,0.9783980451111257
4,17,1,26,5,5,140,5,5,156,Graduate,Graduate,3.2200774113810837e-07,0.9999996779922589
1,10,1,20,6,6,"1,23333E+16",6,6,"1,18333E+16",Graduate,Graduate,0.0056333595648100365,0.99436664043519
1,6,1,18,5,5,140,5,5,154,Graduate,Graduate,0.003501504200833949,0.996498495799166
1,6,1,19,6,6,"1,52308E+15",6,6,12375,Graduate,Graduate,0.04360094879835241,0.9563990512016476
1,16,1,23,6,5,116,6,3,110,Dropout,Dropout,0.8800950994216709,0.11990490057832913
1,12,1,18,7,6,116,7,6,116,Graduate,Graduate,0.05487250489247164,0.9451274951075284
1,12,1,18,7,0,0,8,0,0,Dropout,Dropout,0.9999999999999997,2.963065602964969e-16
1,12,1,19,7,7,"1,29014E+16",8,8,"1,30944E+16",Graduate,Graduate,3.7514604863675416e-06,0.9999962485395136
13,17,1,30,7,7,"1,41429E+16",5,5,148,Graduate,Graduate,0.3477163010997274,0.6522836989002726
15,6,1,29,6,0,0,6,0,0,Dropout,Dropout,0.999999999999999,1.0300287613712841e-15
1,12,1,19,8,8,1325375,8,8,1325375,Graduate,Graduate,0.0031060010856591713,0.9968939989143408
8,13,1,20,7,7,"1,37857E+16",8,8,141,Graduate,Graduate,2.2191271042970584e-10,0.9999999997780873
1,12,1,20,7,6,"1,39167E+16",7,6,"1,39167E+16",Graduate,Graduate,0.056448251405297745,0.9435517485947023
1,14,1,19,6,6,135,6,6,"1,35714E+16",Graduate,Graduate,0.07774299261965079,0.9222570073803492
1,6,1,21,5,0,0,5,0,0,Dropout,Dropout,0.9999999999999623,3.778278835239953e-14
8,14,1,19,6,5,115,6,4,146,Graduate,Dropout,0.654315025635021,0.345684974364979
1,12,1,18,8,7,"1,20829E+16",8,7,"1,20829E+16",Graduate,Graduate,0.015952003443515106,0.9840479965564849
12,3,1,27,6,6,"1,18333E+16",6,5,128,Graduate,Graduate,0.0032620972056033315,0.9967379027943967
8,9,1,19,5,5,134,5,5,124,Graduate,Graduate,0.0256392114243732,0.9743607885756268
1,12,1,19,7,0,0,7,0,0,Dropout,Dropout,0.9999999999999993,6.343023979879278e-16
1,15,1,19,6,5,142,6,6,"1,45714E+16",Graduate,Graduate,0.07392050887905999,0.92607949112094
1,12,1,18,8,7,"1,38143E+16",8,7,"1,38143E+16",Graduate,Graduate,0.015952003443515106,0.9840479965564849
1,14,1,18,6,6,145,6,6,"1,36667E+16",Graduate,Graduate,0.07665837397549624,0.9233416260245038
1,14,1,19,6,0,0,6,0,0,Dropout,Dropout,0.9999999999999996,4.436832718651698e-16
12,12,1,36,7,6,113,7,6,113,Graduate,Graduate,0.06861566724199197,0.931384332758008
8,12,1,19,8,7,123,8,7,123,Graduate,Graduate,0.02167029569920409,0.9783297043007959
1,12,1,18,8,7,"1,26943E+16",8,7,"1,26943E+16",Graduate,Graduate,0.015952003443515106,0.9840479965564849
8,14,1,18,5,4,110,5,4,110,Graduate,Graduate,0.08176533207643966,0.9182346679235603
1,10,1,19,6,6,130,6,6,"1,41667E+16",Graduate,Graduate,0.005552445653274729,0.9944475543467253
1,12,1,19,7,7,144125,8,8,1605,Graduate,Graduate,1.3698038614617936e-05,0.9999863019613854
1,12,1,18,7,7,1292875,8,8,140625,Dropout,Graduate,0.08789331817252888,0.9121066818274711
1,15,1,20,6,6,"1,33333E+16",6,5,128,Graduate,Graduate,0.05220506143628467,0.9477949385637153
9,12,1,20,8,7,"1,44029E+16",8,7,"1,44029E+16",Graduate,Graduate,0.13886427698629478,0.8611357230137052
1,12,1,18,8,7,"1,33814E+16",8,7,"1,33814E+16",Graduate,Graduate,0.015952003443515106,0.9840479965564849
1,12,1,18,7,7,1413125,8,8,1398375,Graduate,Graduate,0.004845104298038527,0.9951548957019615
8,6,1,19,5,5,"1,17143E+16",5,5,126,Graduate,Graduate,0.004777774380991806,0.9952222256190082
12,3,1,44,6,6,"1,11667E+16",6,2,110,Graduate,Graduate,0.3210117945109038,0.6789882054890962
4,4,1,32,6,0,0,6,0,0,Dropout,Dropout,0.9999999999518859,4.8114071020118907e-11
14,16,1,22,6,5,136,6,5,120,Dropout,Graduate,0.2938677418415865,0.7061322581584135
12,4,1,36,12,12,"1,38462E+16",12,11,"1,40909E+16",Graduate,Graduate,2.2826865579972377e-06,0.999997717313442
8,15,1,18,6,6,125,6,6,"1,33333E+16",Graduate,Graduate,0.04332738521488033,0.9566726147851197
1,8,1,20,5,5,164,5,5,146,Graduate,Graduate,0.020699730773772407,0.9793002692262276
16,5,1,20,11,11,"1,38182E+16",11,11,"1,34545E+16",Graduate,Graduate,1.1445833170142805e-10,0.9999999998855417
8,10,1,19,6,5,106,6,4,105,Graduate,Graduate,0.11141245271782618,0.8885875472821738
12,9,1,24,5,5,102,5,5,122,Graduate,Graduate,0.022834477904394856,0.9771655220956051
14,3,1,27,10,9,"1,14444E+16",11,5,108,Dropout,Dropout,0.9999945466549001,5.453345099953045e-06
14,10,1,23,16,16,130,13,13,"1,32667E+16",Graduate,Graduate,3.999846898139481e-09,0.9999999960001531
1,12,1,18,8,8,1331,8,8,1331,Graduate,Graduate,3.461543176319637e-06,0.9999965384568237
8,10,1,18,6,5,"1,05714E+16",6,5,122,Graduate,Graduate,0.026707497527196478,0.9732925024728035
8,12,1,20,8,7,"1,34871E+16",8,7,"1,34871E+16",Graduate,Graduate,0.021982444505546095,0.9780175554944539
1,11,1,20,6,6,"1,23333E+16",6,6,"1,18333E+16",Graduate,Graduate,0.03326863569181426,0.9667313643081857
1,14,1,23,6,6,11875,6,5,"1,28333E+16",Dropout,Graduate,0.13584212287101916,0.8641578771289808
1,12,1,20,7,6,"1,39667E+16",7,6,"1,39667E+16",Graduate,Graduate,0.056448251405297745,0.9435517485947023
12,11,0,28,5,0,0,5,0,0,Dropout,Dropout,1.0,7.865739637819347e-24
1,14,1,21,5,4,115,5,5,128,Graduate,Graduate,0.015131865743580275,0.9848681342564197
1,13,1,21,2,2,125,7,0,0,Dropout,Dropout,0.999999996459779,3.5402209575991837e-09
4,12,1,28,7,0,0,8,0,0,Dropout,Dropout,0.9999999999735162,2.648377546911686e-11
1,12,1,18,7,6,1198,8,7,13225,Graduate,Graduate,0.01676317637248792,0.9832368236275121
1,12,1,19,7,6,"1,16143E+16",8,8,140375,Graduate,Graduate,5.88185004202213e-06,0.999994118149958
9,12,1,18,8,7,"1,43143E+16",8,7,"1,43143E+16",Graduate,Graduate,0.13532077979926604,0.864679220200734
1,12,1,19,7,0,0,8,0,0,Dropout,Dropout,0.9999999999999997,2.9180298605000417e-16
1,12,1,20,7,6,"1,27667E+16",8,7,"1,21286E+16",Graduate,Graduate,0.017725606941777383,0.9822743930582226
8,16,1,18,6,6,"1,26667E+16",6,5,122,Graduate,Graduate,0.2495373683678349,0.7504626316321651
14,14,1,20,6,6,115,6,4,"1,05714E+16",Dropout,Graduate,0.29398245565204983,0.7060175443479502
12,14,1,31,6,5,114,6,4,1175,Dropout,Dropout,0.6378317154604793,0.3621682845395207
8,12,1,19,7,7,1470625,8,8,144775,Graduate,Graduate,0.314009945777337,0.685990054222663
1,12,1,19,7,6,"1,18143E+16",8,7,"1,35429E+16",Graduate,Graduate,0.01747250122358157,0.9825274987764184
1,5,1,23,6,6,130,6,6,11875,Graduate,Graduate,0.03189768741965204,0.968102312580348
1,14,1,19,6,6,"1,48571E+16",6,6,"1,33333E+16",Graduate,Graduate,0.07773322802149507,0.9222667719785049
1,12,1,20,7,6,126,7,6,126,Graduate,Graduate,0.05645026013693655,0.9435497398630635
4,8,0,27,5,2,115,5,1,110,Dropout,Dropout,0.9999999999986053,1.3946324332927186e-12
12,13,1,29,7,1,100,7,0,0,Dropout,Dropout,0.9999999999723224,2.7677596899144722e-11
8,11,1,18,6,5,118,6,5,122,Graduate,Graduate,0.14286882691713243,0.8571311730828676
8,5,1,18,6,5,118,6,6,"1,26667E+16",Graduate,Graduate,0.09076315365705401,0.909236846342946
8,12,1,18,8,8,1277125,8,8,1277125,Graduate,Graduate,0.0033982631096904914,0.9966017368903095
8,11,1,18,6,6,"1,26667E+16",6,5,146,Graduate,Graduate,0.06662041834058396,0.933379581659416
4,6,0,28,5,1,120,4,0,0,Dropout,Dropout,0.999999999999672,3.279821733031095e-13
1,12,1,18,8,7,"1,17214E+16",8,7,"1,17214E+16",Graduate,Graduate,0.015952003443515106,0.9840479965564849
1,15,1,18,6,6,"1,26667E+16",6,6,"1,36667E+16",Graduate,Graduate,0.03255986549596479,0.9674401345040352
1,8,1,18,5,4,130,5,5,140,Dropout,Graduate,0.04584296099785401,0.954157039002146
1,9,1,21,5,0,0,5,0,0,Dropout,Dropout,0.9999999999999931,6.8940169100128156e-15
12,3,0,32,5,0,0,5,0,0,Dropout,Dropout,1.0,1.566098657099298e-22
12,14,1,28,5,4,125,5,4,1175,Graduate,Graduate,0.07660685773372922,0.9233931422662708
12,17,0,40,4,0,0,5,0,0,Dropout,Dropout,1.0,1.4859935952278259e-24
9,3,0,39,5,0,0,4,0,0,Dropout,Dropout,1.0,4.096162929416733e-18
9,10,0,39,6,0,0,6,0,0,Dropout,Dropout,1.0,1.143533546220643e-25
12,4,1,50,6,6,125,6,5,124,Graduate,Graduate,0.10283705073359006,0.8971629492664099
8,16,1,23,6,5,128,6,3,"1,16667E+16",Dropout,Dropout,0.9080674446023937,0.09193255539760625
12,3,1,48,6,1,100,6,1,110,Dropout,Dropout,0.9999998882772545,1.1172274545677906e-07
8,16,1,23,6,4,1125,6,5,102,Dropout,Dropout,0.6630208292259157,0.33697917077408435
1,12,1,18,8,7,1261,8,7,1261,Graduate,Graduate,0.016064966543329118,0.9839350334566709
8,8,1,18,5,2,120,5,5,126,Graduate,Graduate,0.26324924781469317,0.7367507521853068
6,10,0,20,6,5,130,6,6,135,Graduate,Graduate,0.020012145938470116,0.9799878540615299
9,6,1,18,5,4,120,5,5,130,Graduate,Graduate,0.07361566088785843,0.9263843391121416
1,13,1,18,7,4,120,8,0,0,Dropout,Dropout,0.9999999997903598,2.0964021618408854e-10
14,7,1,31,5,1,120,5,1,110,Dropout,Dropout,0.999999999999994,5.9966491269184706e-15
12,2,1,24,0,0,0,0,0,0,Graduate,Graduate,0.34847382602282384,0.6515261739771762
12,9,0,26,5,0,0,5,0,0,Dropout,Dropout,1.0,1.0477490465382174e-24
1,8,1,18,6,5,13625,6,4,1175,Dropout,Dropout,0.8360982870643696,0.1639017129356304
8,14,1,22,6,0,0,6,0,0,Dropout,Dropout,0.9999999999999997,3.162712246961938e-16
1,12,1,18,8,7,1169,8,7,1169,Graduate,Graduate,0.016055829822445356,0.9839441701775546
15,5,0,20,6,0,0,6,0,0,Dropout,Dropout,1.0,2.9733727132850902e-25
15,2,1,25,0,0,0,0,0,0,Graduate,Graduate,0.2503273248907393,0.7496726751092607
14,17,1,24,5,4,115,5,5,"1,12857E+16",Graduate,Graduate,0.04812043969207069,0.9518795603079293
12,7,1,27,5,1,140,5,0,0,Dropout,Dropout,1.0,1.6242544293334748e-21
8,11,1,21,6,5,110,6,5,124,Graduate,Graduate,0.14831464888687806,0.8516853511131219
15,4,1,21,6,6,"1,28571E+16",6,6,"1,31667E+16",Graduate,Graduate,0.0470909226693389,0.9529090773306611
9,15,1,19,6,4,125,6,6,"1,13333E+16",Dropout,Dropout,0.6435060097036873,0.3564939902963127
12,12,1,28,7,7,"1,45286E+16",8,8,"1,50182E+16",Graduate,Graduate,4.644811897991374e-06,0.999995355188102
15,4,1,21,6,6,130,6,6,12625,Graduate,Graduate,0.045550749093870246,0.9544492509061298
1,12,1,18,7,7,"1,59571E+16",8,8,"1,51889E+16",Graduate,Graduate,3.694442111901175e-06,0.9999963055578881
8,9,1,19,5,5,1325,5,5,110,Graduate,Graduate,0.025911730354983398,0.9740882696450166
1,7,1,19,5,3,120,5,3,120,Dropout,Dropout,0.9999999063574463,9.364255371685906e-08
12,15,0,25,6,4,130,6,4,1375,Dropout,Dropout,0.9999999998880554,1.1194460507655693e-10
14,5,1,21,11,9,"1,17778E+15",8,3,"1,36667E+16",Dropout,Dropout,0.9484243037742587,0.05157569622574127
8,7,1,19,5,2,110,6,0,0,Dropout,Dropout,1.0,1.5277962228301342e-22
8,9,1,20,5,0,0,5,0,0,Dropout,Dropout,0.9999999999999948,5.1950605997593276e-15
15,4,1,25,14,14,"1,24286E+16",9,6,"1,08571E+16",Dropout,Graduate,0.250206759305045,0.749793240694955
1,2,1,18,0,0,0,0,0,0,Graduate,Graduate,0.30587387616092554,0.6941261238390745
13,12,1,23,8,8,125075,8,8,125075,Graduate,Graduate,0.0001519234199820474,0.999848076580018
17,4,1,21,12,11,"1,20909E+16",12,11,120,Graduate,Graduate,2.6840146265527665e-06,0.9999973159853734
12,17,1,25,5,1,100,5,2,"1,13333E+16",Dropout,Dropout,0.9941038915463389,0.005896108453661065
1,8,1,18,6,6,135,6,5,132,Graduate,Graduate,0.3010660461246665,0.6989339538753335
1,5,1,22,6,6,"1,41667E+16",6,6,13625,Graduate,Graduate,0.03136928170127473,0.9686307182987253
12,14,1,27,6,6,140,6,6,"1,47143E+16",Graduate,Graduate,0.09390061353989343,0.9060993864601066
12,4,1,25,3,0,0,3,0,0,Dropout,Dropout,0.9999999999999999,7.2983009879911e-17
8,7,1,18,5,3,"1,16667E+16",5,3,"1,13333E+16",Dropout,Dropout,0.9999999293350795,7.066492042520505e-08
8,6,1,20,5,5,146,5,5,142,Graduate,Graduate,0.004848815640391191,0.9951511843596088
12,4,1,27,6,5,130,6,5,115,Graduate,Graduate,0.2404382939260301,0.7595617060739699
1,3,1,20,6,6,"1,21667E+16",6,6,120,Graduate,Graduate,0.001698016620353071,0.9983019833796469
1,9,1,22,5,0,0,5,1,120,Dropout,Dropout,0.9999999843942978,1.5605702195573514e-08
8,7,1,19,5,3,105,5,3,108,Dropout,Dropout,0.9999999304019732,6.959802682473852e-08
14,2,1,19,0,0,0,0,0,0,Graduate,Graduate,0.2335954873819961,0.7664045126180039
12,6,0,29,5,0,0,5,0,0,Dropout,Dropout,1.0,5.620699832634263e-24
1,12,1,19,8,7,"1,38286E+16",8,7,"1,38286E+16",Graduate,Graduate,0.016194213517631173,0.9838057864823688
1,10,1,20,6,6,115,6,6,"1,16667E+16",Graduate,Graduate,0.005633105262982885,0.9943668947370171
1,5,1,20,6,4,135,6,6,13625,Graduate,Graduate,0.14710477354993667,0.8528952264500633
12,3,1,31,6,0,0,6,0,0,Dropout,Dropout,0.9999999999999822,1.776798652457622e-14
8,12,1,18,7,7,125375,8,7,"1,26143E+16",Graduate,Graduate,0.03044478812214113,0.9695552118778589
1,9,1,18,5,4,120,5,4,128,Graduate,Graduate,0.16875232381304495,0.831247676186955
8,11,1,19,6,5,118,6,5,116,Graduate,Graduate,0.14475670321055212,0.8552432967894479
1,9,1,18,5,5,150,5,5,152,Graduate,Graduate,0.01889543189642451,0.9811045681035755
8,6,1,19,5,3,120,5,5,132,Graduate,Graduate,0.025737336536133637,0.9742626634638664
8,15,1,18,6,6,"1,28333E+16",6,6,"1,22857E+16",Graduate,Graduate,0.04332550346514785,0.9566744965348521
1,11,1,19,6,6,"1,16667E+16",6,3,120,Graduate,Graduate,0.3899969884782625,0.6100030115217375
1,13,1,19,7,7,121625,8,8,13825,Graduate,Graduate,4.687227272981431e-10,0.9999999995312773
1,14,1,18,6,6,"1,38333E+16",6,6,"1,45556E+16",Graduate,Graduate,0.07664230844754893,0.9233576915524511
15,14,1,20,6,6,12125,6,6,"1,35714E+16",Graduate,Graduate,0.061900121481796244,0.9380998785182038
12,17,1,29,15,11,"1,14545E+16",13,11,"1,15455E+16",Dropout,Dropout,0.9276585549726549,0.0723414450273451
8,16,0,20,6,4,120,6,3,100,Dropout,Dropout,0.9999999999919066,8.093407002887402e-12
12,16,0,31,7,6,"1,26667E+16",7,5,126,Dropout,Dropout,0.9999999999495282,5.0471873408894056e-11
8,14,1,20,6,6,"1,26667E+16",6,6,"1,37778E+15",Graduate,Graduate,0.1032095666081444,0.8967904333918556
8,4,1,21,18,18,"1,18889E+15",13,13,"1,14615E+16",Graduate,Graduate,9.039124881926597e-08,0.9999999096087512
4,8,1,23,6,0,0,6,0,0,Dropout,Dropout,0.9999999999870867,1.2913333412363157e-11
8,5,0,21,6,4,130,6,4,116,Dropout,Dropout,0.9999999998969111,1.0308890210585759e-10
4,12,1,24,7,7,"1,68857E+16",8,8,"1,57444E+16",Graduate,Graduate,3.9904968218706927e-11,0.999999999960095
12,3,1,27,6,6,125,6,6,"1,23333E+16",Graduate,Graduate,0.0020564178677098255,0.9979435821322902
1,12,1,18,7,7,"1,30556E+16",8,8,158125,Graduate,Graduate,2.36826368260612e-06,0.9999976317363174
1,2,0,21,0,0,0,0,0,0,Dropout,Dropout,0.9999999996088894,3.9111059303286294e-10
8,8,1,19,5,0,0,5,0,0,Dropout,Dropout,0.999999999999995,4.950091149269702e-15
1,12,1,19,8,7,"1,23557E+16",8,7,"1,23557E+16",Graduate,Graduate,0.016194213517631173,0.9838057864823688
8,6,1,18,6,0,0,6,0,0,Dropout,Dropout,0.9999999999999994,5.981611512494504e-16
1,16,1,20,7,7,"1,38571E+16",7,7,"1,25714E+16",Graduate,Graduate,0.09772241910628865,0.9022775808937114
1,3,1,24,6,5,130,6,6,"1,41667E+16",Graduate,Graduate,0.004161227694661429,0.9958387723053386
1,5,1,20,6,6,"1,28333E+16",6,6,"1,11667E+16",Graduate,Graduate,0.031697155831113655,0.9683028441688863
1,12,1,19,8,7,"1,23571E+16",8,7,"1,23571E+16",Graduate,Graduate,0.016194213517631173,0.9838057864823688
1,12,1,18,8,7,"1,38571E+16",8,7,"1,38571E+16",Graduate,Graduate,0.015952003443515106,0.9840479965564849
8,10,1,20,6,6,"1,23333E+16",6,6,"1,06667E+16",Graduate,Graduate,0.007565604830995998,0.992434395169004
8,12,1,20,7,7,"1,28471E+16",8,8,"1,37889E+16",Graduate,Graduate,5.122460610795798e-06,0.9999948775393892
8,12,1,19,7,6,"1,234E+16",8,8,1301875,Graduate,Graduate,2.3143190852614737e-07,0.9999997685680915
1,15,1,20,6,6,"1,38333E+16",6,6,125,Graduate,Graduate,0.03351632695130968,0.9664836730486903
8,9,1,19,5,2,1075,5,2,100,Dropout,Dropout,0.981483194606894,0.018516805393105937
8,16,1,19,6,4,1325,6,4,1025,Dropout,Dropout,0.8934245143766588,0.10657548562334121
8,12,1,18,8,8,1373125,8,8,1373125,Graduate,Graduate,0.004952802342446994,0.995047197657553
8,5,1,23,6,6,"1,33333E+16",6,3,"1,26667E+16",Dropout,Graduate,0.46342493166484566,0.5365750683351543
1,16,1,21,6,5,120,6,5,108,Dropout,Graduate,0.37614473095796497,0.623855269042035
15,3,1,23,9,9,"1,08889E+15",8,6,"1,13333E+16",Graduate,Graduate,0.011150023436422019,0.988849976563578
1,12,1,19,7,7,13025,8,8,"1,38111E+16",Graduate,Graduate,4.217577524334715e-06,0.9999957824224757
8,15,1,18,6,6,130,6,6,"1,41667E+16",Graduate,Graduate,0.043329267041924524,0.9566707329580755
1,15,1,19,6,5,118,6,5,120,Graduate,Graduate,0.11249490825417763,0.8875050917458224
12,12,1,25,8,7,"1,20429E+16",8,7,"1,20429E+16",Graduate,Graduate,0.01949380434838821,0.9805061956516118
1,12,1,19,7,7,128375,8,8,155,Graduate,Graduate,1.1942510451445898e-05,0.9999880574895486
12,13,1,24,7,7,110,8,7,117,Graduate,Graduate,3.95909484640633e-07,0.9999996040905154
1,14,1,18,6,6,135,6,5,140,Graduate,Graduate,0.11648911835406162,0.8835108816459384
8,10,1,19,6,6,12125,6,6,"1,27143E+16",Graduate,Graduate,0.008307651065485144,0.9916923489345149
1,12,1,18,8,7,"1,26286E+15",8,7,"1,26286E+15",Graduate,Graduate,0.015952003443515106,0.9840479965564849
8,10,1,19,6,5,112,6,5,116,Graduate,Graduate,0.027107043210650716,0.9728929567893493
9,15,1,18,6,6,"1,26667E+16",6,6,"1,18333E+16",Dropout,Graduate,0.24523428322495056,0.7547657167750494
12,14,0,34,6,4,135,6,0,0,Dropout,Dropout,1.0,1.946814311970449e-24
1,15,0,20,6,0,0,6,0,0,Dropout,Dropout,1.0,1.9418132642414715e-25
12,17,1,26,5,5,120,5,5,"1,48333E+16",Graduate,Graduate,0.03491834412653583,0.9650816558734642
14,13,1,27,7,7,"1,22286E+16",8,8,132125,Graduate,Graduate,8.386435990104246e-11,0.9999999999161356
1,14,1,20,5,4,115,5,4,1075,Graduate,Graduate,0.06367642498224979,0.9363235750177502
8,10,1,18,6,6,15375,6,6,"1,64286E+16",Graduate,Graduate,0.008425144905561677,0.9915748550944383
12,12,1,24,8,7,"1,26143E+16",8,7,"1,26143E+16",Graduate,Graduate,0.019296170311115524,0.9807038296888845
15,10,1,19,6,5,122,6,6,115,Graduate,Graduate,0.008939515750259641,0.9910604842497404
1,15,1,19,6,4,1175,6,4,110,Graduate,Dropout,0.5743415699110788,0.4256584300889213
16,3,1,22,16,13,"1,09231E+16",13,11,"1,14545E+16",Graduate,Graduate,0.07233816212488886,0.9276618378751111
14,5,1,20,6,5,124,6,5,124,Graduate,Graduate,0.07638721362471301,0.923612786375287
12,4,1,25,6,0,0,6,0,0,Dropout,Dropout,0.9999999999999996,4.4602150249602515e-16
15,4,1,21,6,6,"1,58333E+16",6,6,155,Graduate,Graduate,0.04708653442931865,0.9529134655706814
8,15,1,18,6,6,"1,25714E+16",6,6,"1,36667E+16",Graduate,Graduate,0.04332550346514785,0.9566744965348521
1,14,1,18,5,3,120,5,4,1325,Graduate,Graduate,0.13413945545730632,0.8658605445426937
8,12,1,19,7,7,133625,8,8,"1,44444E+16",Graduate,Graduate,1.684650457012271e-05,0.9999831534954299
1,6,1,19,5,5,154,5,5,160,Graduate,Graduate,0.0035557438911312245,0.9964442561088688
8,15,0,18,6,5,122,6,4,1175,Dropout,Dropout,0.9999999997610767,2.389233600912122e-10
16,10,1,20,11,11,"1,28182E+16",11,11,"1,35455E+16",Graduate,Graduate,1.9808821249966968e-11,0.9999999999801912
8,12,1,19,7,0,0,8,0,0,Dropout,Dropout,0.9999999999999998,2.1685468639796904e-16
13,12,1,28,17,17,"1,33947E+16",17,17,"1,35547E+16",Graduate,Graduate,9.317126314911661e-08,0.9999999068287369
1,10,1,20,6,6,1425,6,6,110,Graduate,Graduate,0.005700279155781751,0.9942997208442182
13,3,1,30,11,9,"1,34444E+16",7,7,"1,47143E+16",Dropout,Graduate,0.08913710413258313,0.9108628958674169
1,12,1,19,7,7,"1,22857E+16",8,8,117375,Graduate,Graduate,2.6988175869657738e-06,0.999997301182413
1,5,1,22,6,6,"1,16667E+16",6,5,132,Graduate,Graduate,0.05070715352109878,0.9492928464789012
1,11,1,18,6,6,"1,21667E+16",6,6,135,Graduate,Graduate,0.03231725860265289,0.9676827413973471
8,16,1,23,6,2,100,6,2,110,Dropout,Dropout,0.9993985300321787,0.0006014699678213424
8,5,1,18,6,6,140,6,6,150,Graduate,Graduate,0.04099979690375821,0.9590002030962418
12,15,0,50,6,1,150,5,0,0,Dropout,Dropout,1.0,1.0209621939070633e-23
1,2,1,19,0,0,0,0,0,0,Graduate,Graduate,0.3091352681844435,0.6908647318155565
8,11,1,22,6,6,"1,08333E+16",6,6,"1,06667E+16",Graduate,Graduate,0.045414991751697165,0.9545850082483028
15,10,1,23,6,6,"1,31429E+16",6,6,140,Graduate,Graduate,0.004059829298909801,0.9959401707010902
9,6,0,20,5,5,144,5,5,140,Dropout,Dropout,0.999999994848645,5.151355054070332e-09
12,10,0,44,6,0,0,6,0,0,Dropout,Dropout,1.0,1.04757386737355e-24
12,4,1,49,12,7,120,12,9,"1,12222E+15",Graduate,Dropout,0.9999999740160259,2.5983974043614466e-08
14,17,1,46,10,9,122,10,10,128,Graduate,Graduate,4.393263530744207e-12,0.9999999999956067
12,6,0,41,3,3,"1,23333E+16",2,2,110,Dropout,Dropout,0.9999999999998344,1.6559360713004345e-13
8,12,1,18,7,7,118375,8,8,1248125,Graduate,Graduate,3.383710588389377e-07,0.9999996616289412
12,17,1,43,5,5,118,5,5,140,Graduate,Graduate,0.03349899558570868,0.9665010044142913
12,9,0,70,5,0,0,5,0,0,Dropout,Dropout,1.0,1.857858717485678e-24
12,8,1,48,6,0,0,6,0,0,Dropout,Dropout,0.9999999999999999,1.259404377611091e-16
14,4,1,41,19,19,"1,26842E+15",13,13,"1,23846E+16",Graduate,Graduate,4.6349455606886636e-08,0.9999999536505444
12,1,0,35,7,3,1125,7,0,0,Dropout,Dropout,1.0,5.012342129055583e-30
12,8,1,44,5,4,140,5,4,155,Graduate,Graduate,0.20178910958553553,0.7982108904144645
1,9,1,18,5,4,"1,33333E+16",5,2,135,Dropout,Dropout,0.8743292737106485,0.12567072628935147
1,3,1,45,6,6,"1,36667E+16",6,6,"1,36667E+16",Graduate,Graduate,0.0016946295678400558,0.9983053704321599
15,4,1,22,6,5,126,6,6,"1,17143E+16",Graduate,Graduate,0.10468845854960618,0.8953115414503938
14,7,1,39,5,3,"1,73333E+16",5,1,170,Dropout,Dropout,0.9999999999999659,3.412226264374268e-14
12,9,1,49,5,3,140,5,3,"1,36667E+16",Dropout,Dropout,0.5749663657918564,0.4250336342081436
4,13,1,43,4,4,13875,1,1,125,Dropout,Graduate,0.013786636375749728,0.9862133636242503
12,17,1,32,5,0,0,5,0,0,Dropout,Dropout,0.9999999999999963,3.7146690537136134e-15
12,10,1,47,9,9,"1,31111E+15",7,7,"1,48571E+16",Graduate,Graduate,0.0035901558985365067,0.9964098441014635
12,17,1,37,5,5,130,5,4,"1,33333E+16",Dropout,Graduate,0.14234906072371356,0.8576509392762864
12,3,1,41,10,10,125,7,7,"1,21429E+16",Graduate,Graduate,0.0011114656042476856,0.9988885343957523
12,4,1,60,18,18,"1,41111E+15",13,13,"1,42308E+15",Graduate,Graduate,5.553845217054487e-08,0.9999999444615478
12,11,1,47,11,11,"1,47273E+16",9,9,"1,57778E+15",Graduate,Graduate,1.9439830107881306e-06,0.9999980560169892
12,3,0,50,6,0,0,5,0,0,Dropout,Dropout,1.0,8.844698964023505e-23
12,17,1,45,5,0,0,5,0,0,Dropout,Dropout,0.9999999999999959,4.1213252258801884e-15
12,7,0,45,5,0,0,5,0,0,Dropout,Dropout,1.0,1.3470845870200894e-31
12,6,1,33,5,4,135,5,5,116,Graduate,Graduate,0.010414582383317827,0.9895854176166822
1,12,1,18,8,7,"1,31057E+16",8,7,"1,31057E+16",Graduate,Graduate,0.015952003443515106,0.9840479965564849
12,6,1,43,5,5,135,5,5,144,Graduate,Graduate,0.004150040564644852,0.9958499594353551
14,3,1,44,13,13,"1,18462E+16",11,11,120,Graduate,Graduate,9.263700917472306e-13,0.9999999999990736
12,8,1,29,5,0,0,5,0,0,Dropout,Dropout,0.9999999999999947,5.347873818166101e-15
12,14,0,53,6,3,"1,43333E+16",6,0,0,Dropout,Dropout,1.0,1.062829868620419e-24
14,1,1,35,10,6,"1,26667E+16",9,3,120,Dropout,Dropout,0.9999997429414795,2.5705852043755174e-07
1,2,1,22,0,0,0,0,0,0,Graduate,Graduate,0.3181025015136665,0.6818974984863335
12,3,0,33,6,1,110,6,0,0,Dropout,Dropout,1.0,7.513343484164992e-24
4,8,0,41,5,0,0,5,0,0,Dropout,Dropout,1.0,1.124931680774615e-19
4,12,1,51,7,7,152,8,8,16575,Graduate,Graduate,3.253020075533186e-11,0.9999999999674698
16,14,1,19,6,6,"1,44286E+16",7,7,14375,Graduate,Graduate,0.19312045619720963,0.8068795438027904
12,17,1,35,5,0,0,5,0,0,Dropout,Dropout,0.9999999999999962,3.724924143684981e-15
1,2,1,20,0,0,0,0,0,0,Graduate,Graduate,0.31227057621924614,0.6877294237807539
1,15,0,18,6,5,"1,21667E+16",6,3,120,Dropout,Dropout,0.999999999878461,1.2153904474440237e-10
15,4,1,21,6,5,"1,21429E+16",6,5,"1,16667E+16",Graduate,Graduate,0.15490068776105947,0.8450993122389405
1,11,1,21,6,6,120,6,5,116,Graduate,Graduate,0.05251524897370219,0.9474847510262978
12,9,1,34,5,3,"1,16667E+16",5,4,1275,Graduate,Graduate,0.37774461082158706,0.6222553891784129
12,8,1,34,6,0,0,6,0,0,Dropout,Dropout,0.9999999999999999,1.0797641398178364e-16
8,14,1,21,6,6,11875,6,5,120,Graduate,Graduate,0.17096704174754873,0.8290329582524513
8,11,1,30,6,2,100,6,3,"1,13333E+16",Dropout,Dropout,0.9667400364227656,0.033259963577234354
16,15,1,20,7,6,"1,38333E+16",6,5,130,Dropout,Graduate,0.3233103716299077,0.6766896283700923
1,5,1,18,6,0,0,6,0,0,Dropout,Dropout,0.9999999999999988,1.177127675535249e-15
1,11,1,19,6,6,"1,44286E+16",6,6,125,Graduate,Graduate,0.03280055752306277,0.9671994424769372
8,12,1,18,7,5,142,7,6,124,Dropout,Graduate,0.15431454987452797,0.845685450125472
12,17,1,27,5,4,115,5,3,"1,03333E+16",Dropout,Dropout,0.503584666181768,0.496415333818232
12,15,1,52,6,5,130,6,6,150,Graduate,Graduate,0.07393777001420143,0.9260622299857986
14,4,0,29,6,0,0,6,0,0,Dropout,Dropout,1.0,1.2803587932023454e-25
16,4,0,22,6,3,"1,13333E+16",6,2,110,Dropout,Dropout,0.9999999999998043,1.9570695557051476e-13
14,6,1,28,18,18,125,13,12,"1,14286E+16",Graduate,Graduate,1.0878802484404204e-06,0.9999989121197516
12,14,1,30,5,0,0,5,0,0,Dropout,Dropout,0.9999999999999826,1.738936271606057e-14
1,12,1,18,7,7,"1,34714E+16",8,8,"1,39444E+16",Graduate,Graduate,3.694442111901175e-06,0.9999963055578881
1,14,1,21,5,4,1175,5,3,"1,33333E+16",Graduate,Graduate,0.15549732029110475,0.8445026797088953
1,5,1,20,6,6,"1,33333E+16",6,6,"1,46667E+16",Graduate,Graduate,0.031697155831113655,0.9683028441688863
13,12,1,21,8,8,13105,8,8,13105,Graduate,Graduate,7.38662977741722e-05,0.9999261337022258
12,17,0,32,5,0,0,5,0,0,Dropout,Dropout,1.0,6.689171936698561e-25
1,5,1,20,6,6,155,6,6,"1,21667E+16",Graduate,Graduate,0.031706911088327905,0.9682930889116721
1,2,0,19,0,0,0,0,0,0,Dropout,Dropout,0.9999999995975641,4.0243588434512905e-10
6,14,0,18,6,4,1125,6,3,"1,23333E+16",Dropout,Dropout,0.9302402975623145,0.06975970243768553
14,17,0,23,15,12,110,14,11,"1,13636E+16",Dropout,Dropout,0.9999984414780326,1.5585219673564117e-06
1,11,1,20,6,6,"1,23333E+16",6,4,130,Graduate,Graduate,0.19741304570503637,0.8025869542949636
14,9,1,46,9,8,11375,5,5,118,Graduate,Graduate,0.02438600478360098,0.975613995216399
8,4,1,27,18,18,"1,22222E+15",12,12,"1,23846E+16",Graduate,Graduate,7.36239957888074e-11,0.999999999926376
14,3,1,41,9,9,120,7,6,120,Graduate,Graduate,0.005151073506550197,0.9948489264934498
15,3,1,37,16,16,14125,11,10,130,Graduate,Graduate,0.0005102617477904525,0.9994897382522095
4,17,1,26,9,9,"1,23333E+16",7,7,"1,25714E+16",Graduate,Graduate,2.503984535162651e-06,0.9999974960154648
12,3,1,54,9,9,"1,43333E+16",7,7,"1,38571E+16",Graduate,Graduate,0.0009471710787325449,0.9990528289212675
8,14,1,21,6,6,"1,51667E+16",6,6,140,Graduate,Graduate,0.1044985371195628,0.8955014628804372
1,6,1,20,6,6,"1,51429E+16",6,6,"1,51429E+16",Graduate,Graduate,0.04568617010284459,0.9543138298971554
8,15,1,18,6,0,0,6,0,0,Dropout,Dropout,0.9999999999999992,8.257408582675105e-16
1,10,1,18,6,6,"1,23333E+16",6,6,"1,21667E+16",Graduate,Graduate,0.005468021535420475,0.9945319784645795
15,6,1,22,6,6,120,6,3,120,Dropout,Graduate,0.3908046099893454,0.6091953900106546
14,6,1,19,6,6,150,6,6,15625,Graduate,Graduate,0.02986148144837042,0.9701385185516296
1,2,1,21,12,8,13875,11,9,127,Dropout,Dropout,0.9999985186971164,1.4813028836166953e-06
8,15,1,18,6,6,125,6,6,"1,38333E+16",Graduate,Graduate,0.04332738521488033,0.9566726147851197
8,15,1,18,6,6,150,6,6,155,Graduate,Graduate,0.04333274080898619,0.9566672591910138
8,14,1,20,6,2,"1,16667E+16",6,4,105,Dropout,Dropout,0.9613531876602861,0.038646812339713905
1,12,1,18,7,7,14668,8,8,1463375,Graduate,Graduate,4.9656818434939964e-08,0.9999999503431816
1,15,1,20,6,5,128,6,6,"1,23333E+16",Graduate,Graduate,0.07492014765612265,0.9250798523438774
1,10,1,19,6,6,"1,08333E+16",6,6,"1,21429E+16",Graduate,Graduate,0.005551944325622338,0.9944480556743777
1,5,1,18,6,6,"1,36667E+16",6,5,140,Graduate,Graduate,0.048032737538891035,0.951967262461109
1,12,1,18,8,7,"1,45371E+16",8,7,"1,45371E+16",Graduate,Graduate,0.015952003443515106,0.9840479965564849
3,6,1,18,5,5,144,5,5,140,Dropout,Dropout,0.9999993745640859,6.254359140210616e-07
8,2,1,20,0,0,0,0,0,0,Graduate,Graduate,0.37926383249120676,0.6207361675087932
8,15,1,19,6,6,"1,31667E+16",6,6,"1,38333E+16",Graduate,Graduate,0.043964774618465596,0.9560352253815344
12,12,0,36,6,2,115,7,0,0,Dropout,Dropout,1.0,1.0887218913842343e-24
8,10,1,19,6,6,"1,13333E+16",6,6,"1,24286E+16",Graduate,Graduate,0.007456473527521101,0.9925435264724789
8,10,1,18,6,6,120,6,5,136,Graduate,Graduate,0.011613939250716299,0.9883860607492837
1,15,1,18,6,6,"1,31667E+16",6,6,"1,21667E+16",Graduate,Graduate,0.03255986549596479,0.9674401345040352
1,15,1,18,6,6,"1,48333E+16",6,6,"1,41667E+16",Graduate,Graduate,0.03255986549596479,0.9674401345040352
15,5,1,19,7,7,130,9,9,"1,32222E+15",Graduate,Graduate,1.5006941018747e-06,0.9999984993058981
9,12,1,18,7,7,"1,30871E+16",8,8,1295,Graduate,Graduate,3.554836477304146e-05,0.999964451635227
1,8,1,19,6,6,"1,33333E+16",6,6,"1,36667E+16",Graduate,Graduate,0.2159044552011904,0.7840955447988096
1,10,0,18,6,0,0,6,0,0,Dropout,Dropout,1.0,1.2247965745433354e-24
8,9,1,19,5,5,136,5,5,122,Graduate,Graduate,0.025639804696478197,0.9743601953035218
1,15,1,18,6,6,155,6,6,140,Graduate,Graduate,0.03256811654599301,0.967431883454007
1,16,1,19,7,7,"1,38571E+16",7,7,"1,42857E+16",Graduate,Graduate,0.09643917957962644,0.9035608204203736
8,5,1,18,6,6,130,6,6,"1,21667E+16",Graduate,Graduate,0.040999522752000805,0.9590004772479992
1,15,1,20,4,0,0,6,0,0,Dropout,Dropout,0.999999999999995,4.94316706678981e-15
1,10,0,22,6,0,0,6,0,0,Dropout,Dropout,1.0,1.1569643392295323e-24
8,16,1,18,7,7,"1,21429E+16",7,6,"1,36667E+16",Graduate,Dropout,0.5047711565334057,0.4952288434665944
8,12,1,18,7,7,"1,41457E+16",8,8,"1,36278E+16",Graduate,Graduate,4.971291519884069e-06,0.9999950287084801
1,12,1,18,7,7,1445,8,8,"1,41444E+16",Graduate,Graduate,3.739154846194026e-06,0.9999962608451538
1,16,1,18,7,7,"1,57143E+16",7,7,150,Graduate,Graduate,0.09510559739167612,0.9048944026083239
7,5,1,18,6,6,145,6,6,"1,28333E+16",Graduate,Graduate,4.161858424556186e-08,0.9999999583814158
1,3,1,25,6,6,"1,28333E+16",6,6,"1,28333E+16",Graduate,Graduate,0.0018046860409520749,0.9981953139590479
1,9,1,18,5,5,120,5,4,116,Graduate,Graduate,0.07974472470826055,0.9202552752917394
1,2,1,19,0,0,0,0,0,0,Graduate,Graduate,0.3091352681844435,0.6908647318155565
1,10,1,20,6,6,"1,25714E+16",6,6,"1,32857E+16",Graduate,Graduate,0.0056333595648100365,0.99436664043519
9,15,1,21,6,6,125,6,6,115,Graduate,Graduate,0.25345438372741746,0.7465456162725825
8,14,1,18,6,6,140,6,5,140,Graduate,Graduate,0.15068879072443742,0.8493112092755626
8,16,1,18,7,7,"1,15714E+16",7,6,"1,31667E+16",Dropout,Dropout,0.5047711565334057,0.4952288434665944
1,5,1,18,6,6,"1,58333E+16",6,6,"1,53333E+16",Graduate,Graduate,0.030790537547176977,0.969209462452823
1,12,1,18,8,8,1425,8,8,1425,Graduate,Graduate,3.463588640117976e-06,0.9999965364113599
14,14,1,19,6,0,0,6,0,0,Dropout,Dropout,0.9999999999999993,6.51361659591099e-16
8,11,1,20,6,6,"1,16667E+16",6,6,110,Dropout,Graduate,0.04425908346740737,0.9557409165325926
12,10,1,47,6,0,0,5,0,0,Dropout,Dropout,0.9999999999998603,1.3969704118843905e-13
12,8,1,31,6,2,120,6,1,100,Dropout,Dropout,0.9999999986243292,1.3756707866457362e-09
12,7,1,46,5,0,0,5,0,0,Dropout,Dropout,1.0,7.6017249898710645e-22
8,7,1,19,5,3,"1,33333E+16",5,4,1075,Dropout,Dropout,0.9999998159641073,1.8403589277963946e-07
15,8,0,22,5,0,0,5,0,0,Dropout,Dropout,1.0,1.6629412407398256e-24
1,9,1,19,5,5,138,5,5,124,Graduate,Graduate,0.019180884933178155,0.9808191150668218
1,9,0,19,5,0,0,5,0,0,Dropout,Dropout,1.0,1.2773846580182116e-24
12,8,0,29,5,0,0,5,0,0,Dropout,Dropout,1.0,9.630157343281778e-25
1,12,1,18,7,6,"1,40167E+16",7,6,"1,40167E+16",Graduate,Graduate,0.05487380883226778,0.9451261911677322
1,10,1,18,6,5,114,6,5,108,Graduate,Graduate,0.01998458504903411,0.9800154149509659
1,2,0,23,0,0,0,0,0,0,Dropout,Dropout,0.9999999996186902,3.813097349187535e-10
12,17,1,34,5,5,104,5,5,120,Graduate,Graduate,0.035979091847232025,0.964020908152768
8,9,1,19,5,3,"1,06667E+16",5,4,1025,Graduate,Graduate,0.39390580153942656,0.6060941984605734
8,12,1,20,7,7,"1,39143E+16",8,8,1410625,Graduate,Graduate,7.139537927525197e-08,0.9999999286046207
1,12,1,19,7,7,"1,37611E+16",8,7,1282375,Graduate,Graduate,0.00016033131261861122,0.9998396686873814
1,10,1,23,6,6,"1,38571E+16",6,6,"1,41667E+16",Graduate,Graduate,0.005857743346786903,0.9941422566532131
12,12,1,34,8,7,"1,38429E+16",8,7,"1,38429E+16",Graduate,Graduate,0.020283943505266522,0.9797160564947335
1,15,1,21,6,5,118,6,0,0,Dropout,Dropout,0.9999999999999236,7.63702529807971e-14
1,10,1,22,6,6,"1,26667E+16",6,6,"1,38333E+16",Dropout,Graduate,0.005786753718449056,0.9942132462815509
12,4,1,28,6,0,0,6,0,0,Dropout,Dropout,0.9999999999999996,4.350943323403615e-16
3,7,1,23,5,0,0,5,0,0,Dropout,Dropout,1.0,1.7666019106661988e-30
1,15,1,20,6,4,1075,6,2,100,Dropout,Dropout,0.9791157355004645,0.020884264499535492
9,7,1,18,5,5,126,5,3,1325,Dropout,Dropout,0.9999999456196241,5.438037586742944e-08
12,9,0,28,5,0,0,5,0,0,Dropout,Dropout,1.0,1.0317002915653153e-24
15,5,1,21,7,2,120,9,7,"1,21429E+16",Dropout,Dropout,0.6796146150952711,0.32038538490472884
12,14,0,25,6,3,140,6,2,145,Dropout,Dropout,0.9999999999994381,5.618907329796887e-13
15,6,0,19,6,6,140,6,6,135,Dropout,Dropout,0.9999999944838132,5.516186857300509e-09
1,12,1,18,7,7,"1,46829E+16",8,8,"1,50556E+16",Graduate,Graduate,3.694442111901175e-06,0.9999963055578881
12,7,1,29,3,0,0,5,0,0,Dropout,Dropout,1.0,3.1119121406452836e-21
12,7,1,29,5,0,0,5,0,0,Dropout,Dropout,1.0,6.81099691885256e-22
9,11,1,20,6,6,"1,38571E+16",6,5,128,Graduate,Graduate,0.34541230142424995,0.65458769857575
1,2,1,18,0,0,0,0,0,0,Graduate,Graduate,0.30587387616092554,0.6941261238390745
1,11,1,20,6,6,"1,31429E+16",6,6,125,Graduate,Graduate,0.033268186367060304,0.9667318136329397
12,7,1,33,5,1,180,5,2,130,Dropout,Dropout,0.999999998967858,1.0321420613327042e-09
13,17,1,30,15,13,"1,14615E+16",11,10,"1,15833E+16",Graduate,Dropout,0.9386965894597105,0.06130341054028953
1,4,1,18,6,5,150,6,4,145,Graduate,Dropout,0.532991014518509,0.467008985481491
1,12,1,19,7,7,"1,42444E+16",8,8,"1,22333E+16",Graduate,Graduate,3.7514604863675416e-06,0.9999962485395136
8,5,1,21,6,4,115,6,5,110,Dropout,Graduate,0.2795991884683491,0.7204008115316509
12,13,1,25,7,2,100,7,0,0,Dropout,Dropout,0.9999999999327616,6.723842099779159e-11
1,14,1,19,5,3,"1,23333E+16",5,5,116,Graduate,Graduate,0.03388665131547408,0.9661133486845259
15,5,1,23,7,5,122,9,7,"1,21429E+16",Dropout,Graduate,0.14385682736566485,0.8561431726343351
8,5,1,19,6,6,"1,36667E+16",6,5,132,Graduate,Graduate,0.064497438836292,0.935502561163708
1,2,1,19,0,0,0,0,0,0,Graduate,Graduate,0.3091352681844435,0.6908647318155565
12,4,0,31,6,1,110,6,0,0,Dropout,Dropout,1.0,1.81891830469717e-25
12,4,0,32,6,3,130,10,6,"1,14286E+16",Dropout,Dropout,0.9999998100619826,1.8993801739719013e-07
7,12,1,19,8,7,"1,26E+16",8,7,"1,26E+16",Graduate,Graduate,2.1559545038130068e-08,0.999999978440455
13,15,1,34,10,10,122,10,9,"1,23333E+16",Graduate,Graduate,3.3083171757652963e-09,0.9999999966916828
7,15,1,21,6,6,"1,31667E+16",6,6,130,Graduate,Graduate,4.605577708094444e-08,0.9999999539442229
14,10,1,53,7,6,110,7,7,110,Graduate,Graduate,0.005207681114513307,0.9947923188854867
1,12,1,19,7,7,"1,40143E+16",8,8,1535,Graduate,Graduate,3.73665665442946e-06,0.9999962633433456
1,15,1,20,6,4,130,6,4,1125,Graduate,Dropout,0.5749075485762443,0.42509245142375574
1,15,1,18,6,6,140,6,6,"1,46667E+16",Graduate,Graduate,0.032565586185189344,0.9674344138148107
12,2,0,32,0,0,0,0,0,0,Dropout,Dropout,0.9999999996801407,3.1985925933646563e-10
14,12,1,21,8,7,"1,44286E+16",8,7,"1,44286E+16",Graduate,Graduate,0.011405560570301732,0.9885944394296983
4,3,0,26,5,0,0,5,0,0,Dropout,Dropout,1.0,1.816146070314577e-17
13,6,1,26,18,18,"1,18333E+16",13,13,"1,24615E+16",Graduate,Graduate,9.163390727318088e-07,0.9999990836609273
15,17,0,21,5,3,"1,13333E+16",5,1,130,Dropout,Dropout,1.0,3.53855150745943e-17
8,15,1,18,6,6,125,6,6,130,Graduate,Graduate,0.043326227043732346,0.9566737729562677
14,5,1,21,12,12,"1,33333E+16",12,11,"1,25455E+16",Graduate,Graduate,5.949601834531748e-07,0.9999994050398165
8,14,1,19,6,6,130,6,6,140,Graduate,Graduate,0.10186560153157387,0.8981343984684261
8,9,1,19,5,2,100,5,2,140,Dropout,Dropout,0.9813195741299404,0.018680425870059622
14,10,1,19,6,6,"1,14286E+16",6,5,112,Graduate,Graduate,0.006004102979472403,0.9939958970205276
4,12,1,27,8,8,128875,8,8,128875,Graduate,Graduate,8.499045911491976e-11,0.9999999999150095
1,12,1,18,7,6,1295,7,6,1295,Graduate,Graduate,0.05525807383613757,0.9447419261638624
1,9,1,20,5,1,100,5,0,0,Dropout,Dropout,0.9999999999999836,1.6459751265288332e-14
1,12,1,19,7,7,"1,30943E+16",8,8,1255,Graduate,Graduate,3.7395815262186716e-06,0.9999962604184738
1,14,1,20,6,0,0,6,0,0,Dropout,Dropout,0.9999999999999996,4.3723521018939516e-16
8,10,1,19,6,5,"1,17143E+16",6,6,110,Graduate,Graduate,0.017241020439013433,0.9827589795609866
1,2,1,20,0,0,0,0,0,0,Dropout,Graduate,0.31227057621924614,0.6877294237807539
1,16,1,18,6,6,"1,31667E+16",6,6,"1,33333E+16",Graduate,Graduate,0.1346321583093878,0.8653678416906122
1,6,1,20,5,4,1275,5,5,134,Graduate,Graduate,0.008498082985114341,0.9915019170148857
12,17,0,38,5,5,106,5,2,110,Dropout,Dropout,0.9999999999681111,3.1888911571796654e-11
12,3,1,42,6,5,112,6,6,120,Graduate,Graduate,0.004611210896699913,0.9953887891033001
12,12,1,32,7,0,0,8,0,0,Dropout,Dropout,0.9999999999999998,2.319273469718035e-16
6,15,1,22,6,6,130,6,6,"1,36667E+16",Graduate,Graduate,9.903855513471171e-12,0.9999999999900961
12,17,1,28,5,0,0,5,0,0,Dropout,Dropout,0.9999999999999962,3.77476358637225e-15
12,3,1,37,6,0,0,6,0,0,Dropout,Dropout,0.999999999999982,1.7953470329755737e-14
15,4,1,43,6,6,"1,41667E+16",6,6,150,Graduate,Graduate,0.047701294272958994,0.952298705727041
12,3,1,41,6,5,"1,28333E+16",6,6,"1,23333E+16",Graduate,Graduate,0.004667974268716901,0.9953320257312831
12,3,1,29,6,4,1175,6,5,104,Graduate,Graduate,0.017987531308814253,0.9820124686911857
12,3,1,35,6,6,"1,08333E+16",6,6,115,Graduate,Graduate,0.0020987281424741377,0.9979012718575259
8,10,1,18,6,4,1175,6,4,1225,Dropout,Graduate,0.22552136750855178,0.7744786324914482
12,12,0,39,7,3,115,7,2,105,Dropout,Dropout,0.9999999999992069,7.931151846732963e-13
12,12,1,26,7,6,137,7,6,137,Graduate,Graduate,0.06706401002535856,0.9329359899746414
4,6,1,32,5,1,140,5,0,0,Dropout,Dropout,0.9999999918272982,8.172701874388677e-09
1,10,1,19,6,0,0,6,0,0,Dropout,Dropout,0.9999999999999933,6.698232167595731e-15
1,16,1,19,7,6,130,7,7,"1,32857E+16",Graduate,Graduate,0.19889100987650532,0.8011089901234947
4,14,1,32,11,8,136,8,8,"1,51111E+15",Graduate,Graduate,6.390240447906592e-09,0.9999999936097596
12,9,1,31,5,3,110,5,2,115,Dropout,Dropout,0.9542015351023658,0.04579846489763419
1,2,1,20,12,12,1325,11,11,"1,43333E+16",Graduate,Graduate,6.914542227676179e-08,0.9999999308545777
12,12,1,28,7,1,1075,7,1,100,Dropout,Dropout,0.9999999972579372,2.742062851561695e-09
12,3,0,31,6,5,114,6,3,110,Dropout,Dropout,0.9999999980564269,1.9435730338289365e-09
1,15,1,19,6,6,130,6,5,124,Graduate,Graduate,0.05149040577161579,0.9485095942283842
1,10,1,19,6,6,140,6,6,"1,22857E+16",Graduate,Graduate,0.005552947025561528,0.9944470529744385
4,6,1,34,6,0,0,6,0,0,Dropout,Dropout,0.9999999999291819,7.081809137683992e-11
7,13,1,18,7,7,"1,52857E+16",8,8,16075,Graduate,Graduate,2.220446049250313e-16,0.9999999999999998
8,11,1,18,6,6,"1,31667E+16",6,6,"1,26667E+16",Graduate,Graduate,0.043007971603443496,0.9569920283965565
1,9,1,19,5,5,136,5,5,"1,28333E+16",Graduate,Graduate,0.01918075356522142,0.9808192464347786
8,15,0,22,4,0,0,4,0,0,Dropout,Dropout,1.0,3.2312268776987813e-18
14,14,1,32,10,10,114,9,4,115,Graduate,Dropout,0.7815806919019253,0.2184193080980748
12,9,1,61,5,0,0,5,0,0,Dropout,Dropout,0.9999999999999915,8.514912899287568e-15
12,17,1,30,5,5,110,5,5,116,Graduate,Graduate,0.035805373827089926,0.9641946261729101
12,17,0,45,5,0,0,5,0,0,Dropout,Dropout,1.0,7.421456028607775e-25
15,4,1,20,6,6,"1,35714E+16",6,6,"1,26667E+16",Graduate,Graduate,0.04647083984567335,0.9535291601543266
9,12,1,19,7,0,0,8,0,0,Dropout,Dropout,1.0,3.0225898206815334e-17
13,7,1,26,10,4,1125,11,4,120,Dropout,Dropout,1.0,4.963857362074809e-19
8,14,1,19,5,3,"1,33333E+16",5,1,110,Dropout,Dropout,0.9999995159829148,4.840170852118343e-07
8,15,1,19,6,6,120,6,6,"1,16667E+16",Graduate,Graduate,0.043964774618465596,0.9560352253815344
1,15,1,19,6,6,125,6,5,130,Graduate,Graduate,0.051487369826487384,0.9485126301735126
1,9,1,19,5,5,132,5,5,"1,26667E+16",Graduate,Graduate,0.01918007031196234,0.9808199296880377
1,14,0,19,5,0,0,4,0,0,Dropout,Dropout,1.0,8.592364186658872e-19
12,14,0,28,5,3,"1,16667E+16",5,2,115,Dropout,Dropout,0.9999999999731141,2.6885956891174645e-11
14,9,1,24,15,15,"1,34667E+16",14,14,"1,36429E+16",Graduate,Graduate,8.491970224788759e-07,0.9999991508029775
1,8,1,18,5,3,"1,36667E+16",5,5,132,Graduate,Graduate,0.10140011667975701,0.898599883320243
1,15,1,18,6,6,"1,16667E+16",6,5,102,Graduate,Graduate,0.05074610376493327,0.9492538962350667
15,4,1,21,6,5,134,6,5,124,Graduate,Graduate,0.1549158656801869,0.8450841343198131
12,17,0,28,5,0,0,5,0,0,Dropout,Dropout,1.0,6.797386869333624e-25
12,4,1,58,6,0,0,6,0,0,Dropout,Dropout,0.9999999999999994,6.074892796733716e-16
12,17,0,49,5,0,0,5,0,0,Dropout,Dropout,1.0,7.946771925340488e-25
14,14,1,25,5,4,1375,5,4,1475,Graduate,Graduate,0.047392183942836286,0.9526078160571637
13,9,1,33,5,1,100,5,0,0,Dropout,Dropout,0.9999999999999992,7.831933204429979e-16
12,7,0,33,5,0,0,5,0,0,Dropout,Dropout,1.0,1.2134544379955029e-31
14,16,1,40,2,1,160,4,4,155,Graduate,Graduate,5.65589500456376e-07,0.9999994344104995
12,17,1,48,5,5,"1,22857E+16",5,5,11125,Graduate,Graduate,0.030099362297459353,0.9699006377025406
12,12,1,24,7,6,"1,26667E+16",7,6,"1,26667E+16",Graduate,Graduate,0.06583165218934339,0.9341683478106566
1,6,1,23,5,5,118,5,4,1325,Graduate,Graduate,0.01660711977967766,0.9833928802203223
12,17,0,39,5,5,106,5,5,"1,46667E+16",Dropout,Dropout,0.9999999950398186,4.960181391987221e-09
9,4,1,21,11,9,119,9,8,1225,Graduate,Graduate,0.0018025443778161288,0.9981974556221839
13,7,1,34,6,4,1125,5,2,105,Dropout,Dropout,0.9999999996326678,3.6733218719354565e-10
1,15,1,18,6,6,120,6,6,125,Graduate,Graduate,0.032559425421425536,0.9674405745785745
1,9,1,19,5,2,100,5,1,160,Dropout,Dropout,0.9999999097456918,9.025430823405003e-08
1,12,1,19,8,7,"1,37143E+16",8,7,"1,37143E+16",Graduate,Graduate,0.016194213517631173,0.9838057864823688
4,4,1,28,6,6,14875,6,6,158,Graduate,Graduate,8.743496034968601e-07,0.9999991256503965
8,5,1,18,6,5,108,6,0,0,Dropout,Dropout,0.9999999999999372,6.282757167677438e-14
1,10,1,19,6,3,120,6,2,100,Dropout,Dropout,0.946163947659174,0.05383605234082596
8,6,0,19,6,5,125,6,2,135,Dropout,Dropout,0.9999999999950412,4.958810605127027e-12
8,12,1,18,7,7,"1,47286E+16",8,8,"1,63273E+16",Graduate,Graduate,4.971291519884069e-06,0.9999950287084801
1,8,1,18,6,6,120,6,5,148,Graduate,Graduate,0.30102798086770666,0.6989720191322933
1,15,1,18,6,6,"1,14286E+16",6,6,110,Dropout,Graduate,0.03256074566175127,0.9674392543382487
15,10,1,19,6,6,"1,41667E+16",6,6,135,Graduate,Graduate,0.003847579303611015,0.996152420696389
4,10,1,31,6,5,125,6,5,146,Graduate,Graduate,2.3137451554688937e-07,0.9999997686254845
12,3,1,33,6,6,"1,41667E+16",6,6,"1,43333E+16",Graduate,Graduate,0.00210571222024325,0.9978942877797568
8,11,1,19,6,6,"1,26667E+16",6,5,134,Graduate,Graduate,0.06758124046689562,0.9324187595331044
1,5,1,18,6,6,125,6,6,130,Dropout,Graduate,0.030791058517400383,0.9692089414825996
